#{"t_start": 1748427807.0659666, "env_id": "None"}
r,l,t
-1.0,1,5.703776
-0.8,5,5.789689
-1.0,1,5.810455
-0.8,7,5.903363
-0.9,2,5.934305
-0.9,2,5.967561
-1.0,3,6.020341
-1.0,1,6.041778
-1.0,1,6.062802
-1.0,3,6.108449
-1.0,1,6.128649
-1.0,1,6.153381
-1.1,2,6.18839
-1.0,1,6.205087
-1.0,1,6.227026
-1.0,1,6.243495
-1.0,1,6.263385
-1.0,1,6.290315
-1.0,1,6.308508
-1.0,3,6.348836
-1.0,1,6.372612
-1.0,1,6.398174
-1.2,3,6.450359
-1.0,1,6.474175
-1.0,1,6.49459
-1.0,1,6.512078
-1.0,3,6.559148
-1.0,5,6.63393
-1.0,1,6.657609
-1.1,2,6.687792
-1.0,1,6.70312
-1.0,1,6.720855
-1.1,2,6.758588
-1.2,3,6.7985
-1.1,2,6.823619
-1.3,4,6.878305
-1.0,1,6.904646
-1.0,1,6.920459
-1.0,1,6.939743
-1.1,2,6.969422
-1.1,2,6.998612
-1.0,1,7.018622
-1.0,1,7.037105
-1.0,3,7.090408
-1.0,1,7.110498
-0.8,3,7.159281
-1.1,2,7.188532
-1.0,1,7.209568
-1.0,1,7.228966
-1.0,1,7.242908
-1.1,4,7.303575
-1.0,9,7.429268
-1.0,1,7.448447
-1.0,1,7.464734
-0.9,2,7.490576
-1.0,1,7.508891
-1.0,1,7.523243
-1.0,1,7.538398
-1.1,2,7.567979
-1.0,1,7.588475
-1.1,2,7.626826
-1.2,3,7.669545
-1.1,2,7.704349
-1.1,4,7.768693
-1.0,1,7.788944
-0.9,2,7.829563
-1.0,1,7.849414
-1.1,4,7.903609
-1.0,1,7.922597
-1.0,1,7.939126
-1.1,2,7.963263
-1.0,1,7.983076
-0.8,7,8.068681
-1.1,4,8.133624
-1.2,3,8.175094
-1.0,1,8.199914
-0.9,2,8.233883
-1.0,1,8.254309
-0.9,4,8.308447
-1.0,1,8.328067
-1.1,2,8.358894
-1.0,3,8.405438
-1.2,3,8.454051
-1.0,1,8.473482
-1.1,4,8.53424
-0.9,2,8.562045
-1.0,3,8.605102
-0.9,2,8.639039
-1.0,3,8.684845
-0.9,2,8.723791
-1.1,2,8.754901
-0.9,2,8.789051
-1.0,1,8.814331
-1.0,1,8.832888
-1.1,6,8.912763
-0.9,2,8.948215
-1.1,2,8.97912
-1.0,1,8.998739
-0.9,4,9.06285
-1.0,1,9.083763
-0.9,4,9.132809
-1.0,1,9.150012
-1.0,1,9.174036
-1.0,1,9.199188
-1.5,6,9.284231
-1.0,1,9.304377
-1.0,1,9.325063
-1.0,1,9.344047
-1.1,2,9.382833
-1.0,1,9.40543
-0.8,3,9.445397
-1.0,3,9.49068
-1.0,3,9.53501
-1.0,1,9.554348
-1.0,1,9.572827
-1.0,1,9.595237
-1.0,1,9.618586
-1.0,1,9.638398
-1.0,1,9.65906
-1.2,3,9.709108
-0.9,2,9.7398
-1.0,1,9.759334
-1.0,1,9.779223
-1.0,1,9.799042
-1.1,2,9.829172
-1.0,1,9.849119
-1.0,3,9.890227
-1.1,2,9.92068
-1.1,2,9.955602
-1.0,1,9.975688
-1.0,1,9.99399
-0.9,2,10.029578
-1.0,1,10.047078
-1.0,3,10.090483
-0.8,3,10.136699
-1.0,1,10.163506
-0.9,2,10.198396
-1.0,1,10.213003
-0.9,2,10.243867
-1.1,4,10.294446
-1.0,1,10.313955
-1.0,1,10.334042
-1.1,2,10.361766
-1.0,1,10.379261
-1.0,1,10.401788
-0.9,4,10.455112
-1.0,1,10.473606
-1.2,3,10.521157
-1.1,2,10.548605
-1.0,1,10.568126
-1.0,1,10.587397
-1.1,2,10.623889
-1.0,3,10.679716
-1.0,1,10.703425
-1.0,1,10.723199
-1.0,1,10.742807
-1.0,1,10.76365
-1.0,1,10.783296
-1.0,1,10.804558
-1.1,2,10.833958
-1.0,1,10.854089
-1.1,4,10.902101
-1.1,2,10.935038
-1.0,1,11.054004
-0.9,2,11.078666
-1.0,1,11.098742
-1.0,1,11.118793
-1.0,1,11.138521
-1.0,1,11.15826
-1.0,1,11.179351
-1.0,1,11.200756
-1.0,1,11.218826
-1.0,1,11.238442
-1.0,1,11.258569
-0.9,2,11.289713
-1.0,1,11.314413
-1.0,1,11.33328
-1.0,1,11.349317
-1.0,1,11.36985
-0.9,2,11.394191
-0.9,2,11.423391
-0.9,2,11.454834
-1.0,1,11.479227
-1.0,1,11.49942
-1.1,2,11.53274
-1.0,3,11.574678
-1.0,1,11.593243
-1.0,1,11.619174
-1.0,1,11.638194
-1.0,1,11.657696
-1.1,6,11.750179
-1.2,3,11.793415
-1.0,1,11.809622
-1.0,1,11.828187
-1.0,1,11.849634
-1.0,1,11.867754
-1.0,5,11.937988
-1.2,3,11.978742
-1.1,2,12.009596
-1.0,1,12.029593
-0.9,2,12.058778
-1.0,1,12.078175
-1.1,2,12.113117
-1.0,1,12.133114
-1.1,2,12.1637
-0.9,2,12.205518
-1.0,1,12.228605
-1.0,1,12.255353
-1.0,1,12.274383
-1.0,1,12.299116
-1.1,2,12.339812
-0.9,2,12.381171
-1.1,2,12.415316
-1.0,1,12.441795
-1.0,1,12.470074
-1.0,1,12.489861
-1.0,1,12.518281
-1.0,1,12.543855
-1.1,2,12.579582
-1.0,1,12.59765
-1.1,2,12.633529
-1.0,1,12.654468
-1.0,1,12.672786
-1.0,1,12.694284
-0.9,2,12.728603
-1.0,1,12.753209
-1.0,3,12.792093
-1.0,1,12.813734
-1.0,3,12.858057
-1.0,1,12.877767
-1.0,1,12.894646
-1.0,1,12.91446
-1.2,5,12.978792
-1.0,3,13.017838
-1.0,1,13.038853
-1.0,3,13.07825
-1.0,1,13.093254
-1.0,1,13.114104
-0.8,3,13.164184
-1.1,2,13.198865
-1.0,1,13.218874
-1.0,1,13.238945
-1.0,1,13.258962
-1.0,1,13.278788
-1.1,2,13.304485
-1.0,1,13.324208
-1.0,1,13.338942
-1.1,2,13.369287
-1.0,1,13.389772
-0.9,2,13.422379
-1.0,1,13.443422
-1.0,1,13.463185
-0.9,2,13.494233
-1.0,1,13.514313
-1.1,2,13.548505
-1.2,5,13.623154
-1.1,2,13.654556
-1.1,2,13.68185
-1.1,2,13.718285
-1.0,1,13.738989
-1.0,1,13.758827
-0.9,4,13.823161
-1.2,3,13.862587
-0.9,2,13.88862
-1.0,1,13.909443
-1.0,1,13.933902
-1.2,3,13.974372
-1.0,1,13.994449
-1.0,1,14.019487
-1.0,1,14.033223
-1.0,1,14.057939
-1.0,1,14.078229
-1.0,1,14.101932
-1.0,1,14.126574
-0.9,2,14.15924
-1.0,1,14.179585
-1.0,1,14.193579
-0.9,2,14.228312
-1.1,2,14.254366
-1.1,2,14.28375
-0.8,3,14.328026
-1.0,1,14.342315
-1.0,3,14.385522
-0.8,3,14.434644
-1.0,1,14.454196
-1.0,1,14.474145
-1.0,1,14.494108
-1.0,1,14.51454
-1.2,5,14.574389
-1.0,1,14.594188
-1.1,2,14.629015
-1.1,2,14.659154
-1.0,1,14.678724
-1.0,1,14.703614
-0.9,2,14.738753
-1.0,1,14.753279
-1.0,1,14.774916
-1.0,1,14.792209
-1.0,1,14.81912
-1.0,1,14.838745
-1.1,2,14.874176
-1.0,1,14.893575
-1.1,2,14.929398
-1.0,3,14.975701
-1.0,1,14.993079
-1.0,1,15.019058
-1.1,4,15.073301
-0.9,2,15.108633
-1.0,1,15.12918
-0.9,4,15.179975
-1.0,3,15.223363
-0.9,2,15.254023
-1.0,1,15.274239
-0.9,4,15.338767
-0.8,3,15.384463
-1.0,1,15.398718
-1.0,1,15.415041
-1.1,2,15.444268
-1.0,1,15.459059
-1.2,3,15.498142
-1.4,7,15.589865
-0.9,4,15.654625
-1.0,1,15.679306
-1.1,8,15.803978
-1.0,1,15.829786
-1.3,6,15.928939
-1.0,1,15.94826
-0.9,2,15.974751
-1.1,2,16.004279
-1.0,3,16.044272
-1.0,3,16.083192
-0.9,2,16.10948
-1.0,1,16.133627
-1.0,1,16.152
-1.0,3,16.199841
-1.0,1,16.223325
-0.8,3,16.273976
-1.0,1,16.294052
-1.1,2,16.324349
-1.0,1,16.344154
-1.0,1,16.36322
-0.9,2,16.399304
-0.9,6,16.469321
-1.1,2,16.503502
-1.0,1,16.526286
-1.1,2,16.562293
-1.0,1,16.579176
-1.0,1,16.597655
-1.0,1,16.618067
-1.0,1,16.633422
-1.2,3,16.678499
-0.9,2,16.712978
-0.6,5,16.774888
-1.0,1,16.79418
-1.0,1,16.814909
-1.0,1,16.833389
-1.0,1,16.853718
-1.0,3,16.889973
-1.1,2,16.922738
-1.0,1,16.943491
-1.0,1,16.963169
-1.0,3,17.005505
-1.0,1,17.028316
-1.0,1,17.049328
-1.3,4,17.103589
-1.0,1,17.127236
-1.0,1,17.143189
-1.0,1,17.164258
-1.0,3,17.209214
-1.0,1,17.228634
-0.9,2,17.259671
-1.0,1,17.27916
-1.0,1,17.298617
-1.0,1,17.319252
-1.0,1,17.344042
-1.1,2,17.374552
-1.0,1,17.392806
-1.0,1,17.417971
-1.1,2,17.449204
-1.0,1,17.468502
-1.0,1,17.489488
-1.0,1,17.508289
-1.0,1,17.528809
-1.0,1,17.549074
-1.0,1,17.568517
-1.0,1,17.58364
-1.1,6,17.669096
-1.2,3,17.707758
-1.0,1,17.727835
-1.0,1,17.749855
-1.0,3,17.799595
-1.0,1,17.819849
-1.0,1,17.841289
-1.0,1,17.859821
-0.9,2,17.889875
-1.0,1,17.910632
-1.1,4,17.964006
-0.9,2,18.004043
-0.8,3,18.052292
-1.0,1,18.069148
-1.0,1,18.088968
-1.0,1,18.108567
-1.0,1,18.127858
-1.0,1,18.14953
-0.9,2,18.179169
-0.9,2,18.214776
-1.0,1,18.233674
-1.2,5,18.303498
-1.2,3,18.3542
-1.1,2,18.389868
-0.9,2,18.420472
-0.9,2,18.453104
-0.8,3,18.487718
1.0,1,18.509786
-1.0,1,18.529282
-1.0,1,18.553054
-1.0,1,18.575469
-1.0,1,18.598815
-1.1,2,18.638521
-1.0,3,18.684144
-1.0,1,18.703843
-1.0,1,18.723612
-1.1,2,18.763987
-1.1,2,18.799189
-1.0,5,18.8601
-1.2,3,18.904465
-1.0,5,18.968688
-1.0,1,18.98881
-0.9,2,19.023329
-1.0,1,19.044386
-0.9,2,19.079971
-0.9,2,19.127196
-1.0,1,19.144634
-1.2,3,19.194602
-1.0,1,19.216228
-1.0,1,19.240858
-1.0,1,19.264116
-1.0,1,19.291229
-1.1,6,19.369514
-1.0,1,19.396029
-1.0,1,19.41983
-1.0,1,19.460878
-1.0,1,19.485176
-0.9,2,19.519101
-1.0,1,19.541365
-1.0,1,19.564177
-0.9,2,19.608452
-0.8,3,19.669832
-1.0,1,19.691075
-0.9,2,19.728179
-1.1,2,19.763939
-1.1,2,19.80103
-1.0,3,19.846851
-1.1,2,19.881739
-1.0,1,19.904994
-1.0,1,19.927223
-1.0,1,19.946482
-1.1,2,19.999815
-0.9,2,20.04096
-1.1,2,20.070713
-1.1,4,20.128719
-1.1,2,20.16937
-1.0,1,20.196207
-0.9,2,20.230699
-0.8,3,20.284887
-1.0,1,20.30895
-1.1,6,20.408748
-1.0,1,20.431246
-0.9,2,20.469744
-1.1,2,20.504778
-1.0,1,20.530856
-1.0,1,20.553782
-1.0,1,20.575544
-1.0,1,20.599062
-0.9,2,20.63415
-1.0,3,20.684556
-0.9,2,20.726607
-0.7,4,20.794902
-1.0,1,20.820523
-1.0,1,20.84329
-1.0,1,20.869549
-0.9,2,20.903446
-1.0,1,20.919695
-0.9,2,20.949017
-1.0,1,20.969726
-1.0,1,20.988374
-1.1,2,21.018847
-1.1,2,21.04795
-1.2,5,21.123228
-0.9,2,21.153669
-1.0,1,21.167565
-1.0,3,21.209697
-0.9,2,21.242226
-1.1,6,21.325607
-0.9,4,21.37897
-0.8,3,21.422242
-0.9,2,21.460301
-1.0,1,21.479275
-1.0,1,21.498945
-1.0,1,21.519805
-1.1,6,21.588698
-1.0,5,21.661652
-1.0,1,21.679742
-0.9,6,21.757876
-1.0,1,21.778677
-1.0,1,21.799653
-1.0,1,21.817725
-0.9,2,21.850085
-1.0,1,21.873631
-1.1,2,21.903573
-0.9,2,21.938875
-1.3,4,21.989053
-1.1,2,22.018875
-1.0,1,22.033913
-1.1,2,22.064636
-1.0,1,22.08956
-0.9,2,22.11408
-1.0,1,22.133968
-1.0,1,22.156462
-1.0,1,22.174609
-1.1,2,22.204921
-1.0,1,22.223973
-1.1,2,22.258805
-1.0,1,22.279403
-1.0,3,22.32875
-1.0,1,22.349459
-1.1,4,22.39911
-0.9,2,22.428398
-0.7,4,22.479428
-1.0,1,22.499091
-1.0,1,22.519632
-1.0,1,22.544192
-0.8,3,22.589336
-1.2,5,22.663783
-0.8,3,22.708797
-0.9,4,22.769554
-1.0,1,22.793908
1.1,2,22.828635
-1.0,1,22.849035
-1.0,1,22.869093
-0.9,2,22.899631
-1.0,1,22.918314
-1.0,1,22.938128
-1.0,1,22.95965
-1.0,1,22.979286
-1.1,2,23.00864
-0.9,2,23.040813
-1.0,3,23.088638
-1.0,1,23.108377
-0.9,2,23.143109
-1.0,1,23.165244
-1.3,6,23.243561
-1.0,1,23.263467
-0.9,2,23.293706
-1.0,1,23.314374
-1.0,1,23.337872
-1.2,3,23.388647
-0.8,3,23.433113
1.0,1,23.45456
-1.0,1,23.475184
-1.2,3,23.513455
-1.1,2,23.544033
-1.0,1,23.564047
-1.2,3,23.609205
-1.2,3,23.654389
-1.0,1,23.673672
-1.1,2,23.699459
-1.2,3,23.743986
-1.0,1,23.764111
1.0,1,23.785144
-1.0,1,23.80698
-1.0,1,23.828568
-1.1,4,23.88348
-1.2,3,23.929367
-1.0,1,23.949112
-1.0,1,23.969204
-1.0,3,24.009284
-0.9,2,24.042447
-1.1,4,24.099768
-1.0,3,24.148653
-1.0,1,24.168724
-1.0,1,24.192794
-0.9,2,24.227266
-0.8,3,24.27782
-1.1,4,24.333972
-1.2,5,24.392954
-1.0,1,24.409276
-1.0,1,24.428657
-1.0,1,24.448872
-1.0,1,24.470338
-1.0,1,24.493837
-1.0,1,24.512425
-0.9,2,24.549241
-1.1,2,24.573908
-1.0,1,24.593912
-1.0,1,24.615756
-1.0,1,24.633955
-1.6,7,24.730411
-0.9,2,24.758827
-1.0,5,24.828235
-1.0,1,24.848518
-1.2,5,24.928804
-1.3,4,24.989155
-1.0,3,25.028586
1.0,1,25.049056
-1.1,2,25.078482
-1.0,1,25.094208
-1.0,1,25.113553
-1.0,1,25.13383
-1.0,3,25.171703
-0.9,2,25.204003
-1.0,1,25.223562
-1.1,2,25.254097
-1.0,1,25.273777
-1.0,1,25.294291
-1.0,1,25.313699
-1.0,1,25.334629
1.0,1,25.359554
-1.0,1,25.37857
-1.0,1,25.394476
-1.4,7,25.48327
-1.0,1,25.499073
-1.1,2,25.53006
-1.0,1,25.547875
-0.9,2,25.574022
-1.0,1,25.594654
-1.0,1,25.614126
-1.0,1,25.63272
-1.0,1,25.655083
-1.1,2,25.693553
-1.0,1,25.713501
-0.9,2,25.74374
-1.0,1,25.768488
-1.0,1,25.790043
-1.0,1,25.807581
-1.0,1,25.828457
-1.1,2,25.858642
-1.0,1,25.879082
-1.0,1,25.89863
-1.2,3,25.941847
-1.0,1,25.965219
-1.0,1,25.98306
-1.0,1,26.004248
-1.0,3,26.044882
-0.9,2,26.0746
-1.0,1,26.094292
-1.0,1,26.108608
-1.1,4,26.163791
-1.0,1,26.183481
-1.0,1,26.204136
-1.0,3,26.244694
-1.0,1,26.263741
-1.0,3,26.309202
-1.1,2,26.337461
-1.0,1,26.355585
-1.2,3,26.400081
-1.0,1,26.418894
-1.1,2,26.448816
-1.0,1,26.469218
-1.0,1,26.493603
-1.0,1,26.507993
-0.9,2,26.538534
-0.9,2,26.569739
-1.0,1,26.589164
-1.1,2,26.61956
-1.1,2,26.647998
-1.3,6,26.73039
-1.0,1,26.749227
-1.0,3,26.79861
-1.3,4,26.85359
-1.1,2,26.879394
-1.0,1,26.904483
-1.0,1,26.926302
-1.1,2,26.953294
-1.0,1,26.973158
-1.0,3,27.018863
-1.0,1,27.041092
-1.1,2,27.075871
-1.0,1,27.100062
-1.1,4,27.155634
-1.0,1,27.174085
-1.1,2,27.2044
-1.0,1,27.224925
-1.0,1,27.245808
-1.0,1,27.263971
-1.2,3,27.308294
-1.0,1,27.327863
-1.0,1,27.348944
-1.0,1,27.371139
-1.3,4,27.423812
-1.0,1,27.445201
-1.0,3,27.490493
-1.0,1,27.508062
-1.0,1,27.530496
-1.2,3,27.567689
-1.0,1,27.584067
-0.9,2,27.608737
-1.0,1,27.633734
-1.0,1,27.653214
-1.0,1,27.672618
-1.0,1,27.694002
-1.1,4,27.745033
-1.0,1,27.768255
-1.1,2,27.804137
-1.0,1,27.828727
1.0,1,27.849736
-1.0,1,27.868354
-1.0,1,27.888945
-1.0,3,27.943283
-1.0,3,27.992612
-1.0,1,28.013606
-1.0,3,28.05935
-1.0,1,28.07835
-1.0,1,28.099509
-1.1,2,28.133369
-1.1,4,28.189135
-0.9,2,28.219514
-1.0,1,28.240234
-1.0,1,28.258229
-1.0,1,28.278814
-1.1,4,28.344104
-0.9,4,28.405623
-1.0,1,28.422835
-1.0,1,28.439289
-1.1,2,28.468692
1.0,1,28.489449
-0.9,2,28.532556
-1.0,3,28.575596
-1.2,5,28.644513
-1.0,1,28.66375
-1.0,1,28.683678
-1.3,6,28.769194
-1.0,1,28.789328
-0.9,2,28.819495
-1.0,1,28.841527
-1.0,1,28.860698
-1.0,1,28.88482
-1.0,1,28.898362
-1.0,3,28.942442
-1.0,1,28.969628
-1.0,1,28.988054
-1.0,1,29.007905
-1.0,1,29.028995
-1.0,1,29.049307
-0.9,2,29.0787
-1.1,4,29.137373
-1.0,1,29.160307
-1.0,1,29.178861
-1.0,1,29.203439
-1.0,1,29.224324
-0.7,6,29.308475
-0.9,2,29.344354
-1.3,4,29.404923
-1.0,1,29.423572
-1.1,2,29.459917
-1.0,1,29.483559
-1.0,1,29.504682
-1.0,1,29.524041
-1.0,1,29.544722
-1.0,1,29.563142
-1.0,1,29.58397
-0.8,3,29.633271
-1.1,2,29.664314
-1.1,2,29.694078
-1.0,1,29.71965
-1.0,1,29.744102
-1.0,1,29.768411
-1.0,3,29.81769
-1.1,2,29.85293
-1.0,1,29.873603
-1.0,1,29.893448
-0.8,3,29.94396
-1.0,1,29.963806
-1.1,2,29.989431
-1.1,2,30.030128
-0.9,6,30.118601
-1.0,1,30.139232
-0.9,2,30.174192
-1.0,1,30.193618
-1.0,1,30.2174
-0.9,4,30.272793
-1.1,2,30.308398
-0.8,3,30.356422
-1.0,1,30.373267
-1.2,7,30.473546
-1.0,3,30.51907
-1.0,1,30.53489
-1.0,1,30.552318
-1.0,1,30.57526
-1.0,3,30.623135
-1.1,2,30.654675
-1.0,1,30.672566
-1.0,1,30.692618
-1.0,1,30.71399
-1.0,1,30.734948
-0.6,5,30.799746
-1.1,2,30.82906
-1.0,1,30.850261
-1.0,1,30.868045
-1.2,3,30.908712
-1.0,1,30.924805
-1.0,1,30.944016
-1.0,1,30.963197
-1.0,1,30.984611
-1.0,1,31.005444
-1.0,1,31.023853
-1.0,1,31.041406
-1.2,3,31.0856
-1.0,1,31.103604
-1.0,3,31.156801
-1.0,1,31.17527
-1.1,2,31.204313
-1.2,3,31.255333
-1.0,1,31.276592
-1.2,3,31.32838
-0.9,2,31.364427
-1.0,1,31.389384
-0.8,3,31.435912
-1.0,1,31.454203
-1.0,1,31.479152
-0.9,2,31.509342
-1.0,1,31.529846
-1.0,1,31.552738
-1.0,1,31.574992
-1.1,2,31.609098
-1.0,1,31.634069
-1.0,1,31.654451
-1.0,1,31.678703
-1.0,1,31.698968
-1.0,1,31.71955
-1.0,3,31.769664
-1.0,1,31.787962
-1.0,1,31.808954
-1.0,1,31.82833
-1.0,3,31.874836
-1.0,1,31.893858
-1.0,1,31.915674
-1.1,2,31.957277
-1.0,1,31.975694
-0.9,2,32.015368
-0.9,2,32.054056
-1.0,1,32.073499
-1.0,1,32.098906
-0.9,2,32.138468
-1.0,1,32.154853
-1.0,1,32.174356
-1.1,2,32.210351
-1.1,2,32.23964
-1.0,1,32.259674
-1.0,1,32.283422
-1.0,1,32.299654
-1.2,3,32.345999
-1.0,3,32.39858
-1.0,1,32.423094
-1.0,1,32.44246
-1.0,1,32.463659
-1.2,3,32.526278
-1.2,3,32.577021
-1.0,1,32.59429
-1.1,2,32.624076
-0.9,2,32.653847
-0.9,2,32.689716
-1.0,3,32.729366
-1.0,1,32.746955
-1.1,2,32.778829
-1.0,1,32.793672
-1.0,1,32.81038
-1.1,2,32.848448
-0.9,2,32.884234
-1.0,1,32.91
-1.0,1,32.937578
-1.0,1,32.958647
-1.0,1,32.978634
-1.0,1,32.993935
-0.9,4,33.048813
-1.1,4,33.09491
-1.0,3,33.132476
-1.0,1,33.153453
-1.0,1,33.17383
-1.1,2,33.19756
-1.0,7,33.283811
-1.0,3,33.332707
-1.0,1,33.358111
-1.0,1,33.377894
-0.9,2,33.409795
-1.0,1,33.423485
-1.2,3,33.462818
-1.0,1,33.484157
-1.0,1,33.502478
-0.8,3,33.538772
-1.0,1,33.552494
-1.0,1,33.573463
-1.0,1,33.592872
-1.0,1,33.610959
-0.9,4,33.668377
-1.2,3,33.713879
-1.1,2,33.743556
-1.1,2,33.779801
-1.3,4,33.849347
-1.0,1,33.869239
-1.0,1,33.889529
-1.0,1,33.908383
-1.1,2,33.939144
-1.0,1,33.960348
-1.0,1,33.977318
-1.2,3,34.018834
-1.0,1,34.03406
-1.0,1,34.053861
-1.1,2,34.084065
-1.1,2,34.118776
-1.0,3,34.158798
-1.0,1,34.178169
-0.9,2,34.217977
-0.9,2,34.248489
-1.0,3,34.284804
-0.9,2,34.31414
-1.0,1,34.335089
-1.0,1,34.357638
-1.0,1,34.385069
-1.0,1,34.411396
-0.9,4,34.475746
-0.8,3,34.519484
-1.0,3,34.589932
-1.0,1,34.612913
-1.0,1,34.632796
-1.1,2,34.668387
-0.9,2,34.712661
-1.0,1,34.740931
-1.1,4,34.811246
-1.0,1,34.831216
-0.7,8,34.948672
-1.0,1,34.96847
-1.0,1,34.992564
-1.2,3,35.038683
-0.9,2,35.07544
-0.9,2,35.098808
-1.0,1,35.119508
-1.1,4,35.17361
-1.0,3,35.218162
-0.9,2,35.243954
-0.9,2,35.27598
-1.0,1,35.295056
-1.0,3,35.34058
-1.0,1,35.360338
-0.9,2,35.394326
-1.0,1,35.41134
-1.0,1,35.429113
-1.0,1,35.445522
-0.9,2,35.477982
-1.0,1,35.492948
-0.9,4,35.544673
-1.0,1,35.564547
-1.0,1,35.583364
-1.0,1,35.612422
-1.0,1,35.629551
-1.0,1,35.649668
-1.0,1,35.674736
-1.0,1,35.695568
-1.0,1,35.718176
-0.6,5,35.778515
-1.0,1,35.794044
-0.8,3,35.839706
-1.0,1,35.85943
-1.0,1,35.880151
-1.0,5,35.956679
-1.0,1,35.978228
-1.0,1,35.998393
-1.1,6,36.069451
-1.0,1,36.089251
-0.9,2,36.111586
-1.0,1,36.129698
-1.0,1,36.144126
-0.8,3,36.194022
-1.0,1,36.218873
-1.0,1,36.240577
-0.7,4,36.298794
-0.8,3,36.338874
-0.8,3,36.37839
-1.2,3,36.415089
-1.0,1,36.434131
-1.3,4,36.479474
-1.0,1,36.500046
-0.9,4,36.555651
-1.0,1,36.577602
-0.9,2,36.610638
-1.0,3,36.65884
-1.0,1,36.684806
-1.0,1,36.703718
-1.2,5,36.769456
-1.0,1,36.795666
-1.0,1,36.81998
-1.1,2,36.854339
-1.0,1,36.874516
-1.0,1,36.894322
-1.0,1,36.914214
-1.1,2,36.944004
-0.9,2,36.967312
-1.0,1,36.98345
-0.8,3,37.024555
-1.0,1,37.045518
-1.1,2,37.090293
-1.0,1,37.11312
-1.1,4,37.170072
-1.0,1,37.188485
-1.0,3,37.224952
-1.3,4,37.268854
-1.0,1,37.29161
-1.1,4,37.338711
-1.0,1,37.35617
-0.9,2,37.382869
1.0,3,37.419044
-1.0,1,37.440227
-1.0,1,37.458977
-1.0,3,37.497592
-1.0,3,37.537019
-1.1,2,37.563539
-0.9,2,37.59319
-1.0,1,37.610949
-1.0,1,37.627812
-1.0,1,37.653612
-1.0,1,37.674083
-1.1,2,37.706376
-1.0,3,37.748228
-1.0,1,37.764746
-1.0,1,37.78418
-1.0,1,37.80264
-1.0,3,37.837296
-0.9,2,37.862791
-0.9,2,37.892848
-0.8,3,37.933737
-1.0,1,37.949394
-1.1,4,37.998424
-1.0,5,38.057818
-0.9,2,38.089168
-1.0,1,38.102839
-1.0,1,38.125942
-1.0,1,38.148785
-1.1,2,38.172892
-1.0,3,38.209753
-1.1,2,38.238989
-0.9,6,38.30844
-1.0,1,38.324936
-1.1,2,38.357954
-1.0,1,38.377423
-1.0,1,38.3892
-1.0,1,38.408948
-1.2,3,38.449208
-1.0,1,38.467517
-1.1,4,38.515674
-1.0,1,38.532632
-1.2,3,38.568894
-1.2,3,38.614444
-1.0,1,38.632649
-1.1,2,38.657869
-1.0,3,38.697653
-1.0,1,38.721018
-1.0,1,38.738954
-1.0,1,38.759565
-1.1,2,38.783521
-0.8,3,38.82375
-1.1,2,38.85326
-1.0,1,38.868605
-1.1,2,38.891793
-1.0,1,38.910119
-1.2,3,38.949212
-1.2,3,38.989672
-1.0,1,39.009073
-1.2,3,39.053818
-1.0,1,39.072695
-1.0,1,39.088141
-1.0,1,39.104359
-1.0,1,39.12895
-1.0,1,39.144036
-0.9,2,39.168584
-1.0,1,39.189398
-1.2,3,39.228177
1.1,2,39.255228
-1.0,1,39.270671
-1.0,1,39.288592
-1.0,1,39.302602
-0.7,6,39.373752
-1.0,3,39.409581
-1.0,3,39.453084
-1.0,1,39.474363
-0.9,4,39.525392
-1.0,1,39.544409
