#{"t_start": 1747757643.075617, "env_id": "None"}
r,l,t
-1.0,1,6.757981
-1.0,1,6.788343
-1.0,1,6.805303
-0.9,2,6.836706
-1.0,1,6.858618
-1.0,1,6.877744
-1.2,3,6.914407
-1.0,1,6.932393
-1.0,1,6.951145
-1.1,2,6.986428
-0.9,2,7.016741
-1.1,4,7.074028
-1.0,1,7.090502
-1.0,1,7.116456
-1.0,1,7.129766
-1.0,1,7.150292
-1.0,1,7.164406
-1.0,1,7.180689
-0.9,2,7.21405
-0.7,4,7.261007
-1.0,3,7.305746
-1.0,1,7.325052
-1.0,1,7.339664
-1.1,2,7.375197
-1.0,5,7.430642
-1.0,1,7.445322
-1.2,3,7.484473
-1.1,2,7.521216
-1.0,1,7.540382
-1.1,2,7.563127
1.1,2,7.592201
-1.0,3,7.630188
-1.0,1,7.654655
-1.0,1,7.675722
-1.0,1,7.695066
-1.1,2,7.720781
-1.0,1,7.734517
-0.9,2,7.765316
-0.9,2,7.794036
-1.1,6,7.876129
-1.0,1,7.894341
-1.0,1,7.909036
-1.4,5,7.975944
-1.0,1,7.999079
-1.1,2,8.03086
-0.9,4,8.078475
-1.3,4,8.127924
-0.9,4,8.180085
-1.0,3,8.225497
-1.0,1,8.240711
-1.0,1,8.254172
-1.0,1,8.273985
-1.1,2,8.302241
-1.0,1,8.320372
-1.0,3,8.3607
-1.0,1,8.380219
-0.9,2,8.41198
-1.0,5,8.475439
-1.1,2,8.503068
-1.3,4,8.550199
-1.0,3,8.594474
-1.0,1,8.616235
-1.0,1,8.630352
-1.0,1,8.650631
-1.1,2,8.685242
-0.9,2,8.715801
-0.9,2,8.750666
-1.0,1,8.768931
-1.0,1,8.791669
-1.0,1,8.810867
-0.9,4,8.871253
-1.0,3,8.914742
-1.0,1,8.930398
-1.0,1,8.949198
-1.0,1,8.96251
-1.0,1,8.981163
-0.9,2,9.016977
-0.9,2,9.052548
-0.9,4,9.100663
-1.0,1,9.119285
-1.0,1,9.135407
-1.0,1,9.155404
-1.1,2,9.194682
-1.1,2,9.224677
-1.2,3,9.264808
1.4,5,9.33223
-1.0,1,9.35115
-1.2,3,9.396284
-1.0,1,9.411347
-0.9,2,9.439838
-0.9,4,9.489239
-1.0,1,9.508104
-1.0,1,9.527228
-0.9,2,9.554538
-1.0,1,9.575881
-1.0,1,9.597377
-1.0,1,9.616029
-0.9,4,9.665835
-1.0,1,9.685479
-1.1,4,9.746128
-0.9,2,9.78128
-0.9,2,9.817859
-1.0,1,9.842907
-1.0,1,9.861037
-1.0,1,9.877537
-1.0,1,9.896181
-1.1,2,9.924644
-0.9,2,9.955449
-1.0,1,9.980577
-1.0,1,9.999274
-1.0,1,10.022896
-1.2,5,10.089731
-1.0,1,10.104881
-1.0,1,10.124957
-0.9,4,10.180736
-1.0,1,10.201188
-1.0,1,10.219754
-0.9,4,10.274242
-1.1,2,10.305172
-1.0,1,10.325806
-1.0,1,10.350501
-1.0,1,10.370299
-1.0,1,10.393396
-1.0,3,10.429678
-1.1,2,10.455746
-1.2,3,10.495551
-1.0,1,10.516816
-1.0,1,10.540687
-1.0,1,10.56032
-1.0,1,10.578997
-1.1,2,10.604942
-1.0,3,10.639475
-1.0,1,10.659612
-1.1,2,10.683794
-1.0,1,10.702317
-0.9,2,10.735335
-0.9,2,10.769495
-1.0,1,10.793505
-1.0,1,10.81063
-1.0,5,10.875613
-1.0,1,10.894144
-1.0,1,10.914174
-1.0,1,10.929836
-1.0,1,10.954679
-1.0,1,10.975507
-1.1,2,10.999308
-1.0,3,11.040681
-1.0,1,11.066056
-1.0,1,11.086215
-1.0,1,11.110446
-1.0,1,11.135876
-1.0,1,11.154718
-1.1,2,11.186929
-1.0,1,11.204808
-1.0,1,11.231069
-1.0,1,11.250327
-0.7,4,11.320009
-1.0,1,11.335713
-1.1,2,11.3661
-1.0,1,11.384707
-1.0,1,11.399129
-1.0,1,11.416245
-0.9,2,11.454828
-1.0,1,11.472188
-1.1,2,11.508262
-0.9,2,11.545439
-1.0,3,11.598563
-1.0,1,11.61719
-0.9,2,11.650384
-0.9,2,11.685294
-1.1,2,11.719994
-0.9,2,11.768811
-1.0,1,11.78813
-1.0,1,11.80545
-1.0,1,11.82536
-1.0,7,11.91042
-1.1,2,11.935059
-1.1,2,11.965383
-1.0,1,11.986282
-1.0,1,12.005008
-1.0,1,12.023119
-1.0,1,12.041729
-0.8,3,12.086274
-1.1,2,12.115257
-1.1,2,12.144838
-1.0,1,12.15893
-1.0,1,12.178899
-1.0,1,12.195586
-0.9,4,12.244566
-1.1,4,12.300874
-1.1,4,12.3559
-1.0,1,12.375526
-1.0,1,12.395682
-1.0,1,12.415264
-1.0,1,12.428109
-1.0,1,12.45427
1.0,1,12.473229
-1.0,1,12.490807
-1.0,1,12.508624
-1.0,1,12.526329
-1.0,1,12.545008
-1.0,1,12.561757
-1.0,3,12.599495
-1.0,1,12.616092
-1.0,1,12.652217
-1.0,1,12.671345
-1.1,2,12.70006
-1.3,4,12.750291
-1.2,5,12.809892
-1.0,3,12.865043
-1.0,1,12.882157
-1.0,1,12.900837
-1.1,2,12.930077
-1.0,1,12.943727
-1.0,1,12.961342
-1.1,2,12.990069
-1.0,1,13.009729
-1.0,1,13.025144
-1.0,1,13.053425
-0.9,2,13.085498
-0.9,2,13.114864
-1.0,1,13.129645
-1.0,1,13.143724
-1.0,1,13.162955
-1.0,5,13.225024
-1.0,1,13.239147
-1.0,1,13.25293
-1.0,1,13.27075
-1.1,2,13.298856
-0.8,3,13.335193
-1.4,5,13.388899
-1.0,1,13.40441
-1.0,1,13.422101
-1.0,1,13.446227
-0.9,2,13.478396
-1.0,1,13.495934
-0.9,4,13.555011
-1.1,4,13.609775
-0.9,2,13.649653
-1.0,3,13.69052
-1.0,1,13.714694
-0.9,4,13.781359
-1.1,2,13.81104
-0.9,2,13.839624
-1.0,1,13.864553
-1.0,1,13.885689
-1.1,2,13.909971
-1.0,1,13.925487
-1.2,3,13.964969
-1.0,1,13.985265
-1.0,1,14.010924
-1.0,3,14.050257
-0.9,2,14.084662
-1.0,1,14.100416
-1.0,1,14.119597
-1.0,1,14.135834
-1.0,1,14.155713
-0.8,3,14.19558
-0.9,2,14.230645
-1.0,1,14.251819
-1.1,2,14.284601
-1.1,2,14.319289
-1.0,1,14.339743
-1.0,1,14.357943
-0.9,2,14.390493
-1.1,2,14.420429
-0.9,4,14.472143
-0.9,2,14.499685
-1.0,3,14.545048
-1.1,2,14.574944
-1.0,1,14.589551
-1.0,1,14.610224
-1.0,1,14.628647
-1.0,1,14.644496
-1.0,1,14.665981
-1.1,2,14.694407
-1.0,1,14.708473
-1.0,1,14.726485
-1.0,1,14.74351
-1.0,1,14.760394
-1.0,1,14.780666
-0.9,2,14.809063
-0.9,2,14.834851
-1.0,1,14.854194
-1.0,3,14.894444
-1.1,2,14.919558
-1.1,2,14.945244
-1.0,1,14.962163
-1.0,1,14.984934
-1.0,1,15.010599
-1.1,2,15.039196
-1.0,1,15.052141
-1.0,1,15.071249
-1.0,1,15.090069
-1.0,1,15.107674
-1.0,1,15.126337
-1.0,1,15.145555
-1.0,1,15.1629
-1.0,1,15.181083
-1.0,3,15.218797
-1.0,1,15.236779
-0.9,2,15.271287
-1.1,2,15.302491
-1.0,1,15.324632
-1.0,1,15.340014
1.3,4,15.386192
-0.9,6,15.464401
-0.8,3,15.501041
-1.0,3,15.543509
-0.9,2,15.575477
-0.7,4,15.625797
-1.0,1,15.645051
-1.0,1,15.664723
-1.0,1,15.680868
-1.1,6,15.750045
-0.9,2,15.775707
-1.0,3,15.80924
-1.0,3,15.853089
-1.0,1,15.872238
-1.0,1,15.88918
-1.0,1,15.907642
-1.0,1,15.926416
-1.2,3,15.9645
-1.0,1,15.980042
-1.2,3,16.019014
-1.1,2,16.044461
-1.0,1,16.065372
-1.2,3,16.108844
-1.0,1,16.12653
-0.9,2,16.156618
-0.9,6,16.231232
-1.0,1,16.252499
-1.0,1,16.27144
-1.0,1,16.290046
-1.0,1,16.308671
-1.0,1,16.326849
-1.1,2,16.361761
-0.9,2,16.390568
-1.0,1,16.41711
-1.1,4,16.464858
-0.9,4,16.509443
-1.0,1,16.524637
-1.2,5,16.590381
-0.9,2,16.619515
-1.0,3,16.652518
-1.1,2,16.680099
-1.0,1,16.699804
-1.1,2,16.730258
-1.1,2,16.754199
-1.1,2,16.779866
-1.0,1,16.800339
-0.9,2,16.83032
-1.0,1,16.852628
-1.0,1,16.870975
-1.0,1,16.89159
-1.1,2,16.925592
-1.1,2,16.954358
-1.0,1,16.979146
-1.0,1,17.000597
-0.9,2,17.03555
-1.1,4,17.090273
-1.0,1,17.113963
-0.9,4,17.160326
-1.0,1,17.179721
-1.0,1,17.199665
-1.1,2,17.234448
-1.0,1,17.258719
-0.8,3,17.305313
-1.0,1,17.325236
-1.0,1,17.339827
-1.0,1,17.354635
-1.0,3,17.39035
-1.1,2,17.415423
-1.0,1,17.43416
-1.0,1,17.447751
-1.1,4,17.494758
-1.0,1,17.515335
-1.1,2,17.541129
1.0,1,17.560301
-1.0,1,17.579982
-1.2,3,17.628677
-1.0,1,17.647413
-1.0,1,17.665545
-1.1,2,17.695416
-1.0,1,17.723575
-1.0,1,17.741506
-1.1,2,17.775314
-1.1,2,17.810276
-1.0,5,17.874876
-1.0,1,17.891633
-1.0,1,17.911313
1.0,1,17.930823
-1.0,1,17.955704
-1.0,1,17.981916
-1.0,1,18.001144
-1.0,1,18.045788
-1.1,2,18.09428
-1.0,1,18.129165
1.0,1,18.164503
-1.1,4,18.247372
-1.2,3,18.298404
-0.8,3,18.35491
-1.0,1,18.378033
-1.1,2,18.420707
-1.0,1,18.45099
-1.0,1,18.476211
-1.0,1,18.504929
-1.0,1,18.532703
-1.1,2,18.573014
-1.0,1,18.607309
-1.1,2,18.651754
-1.2,3,18.723974
-1.0,1,18.753286
-1.0,1,18.77753
-1.0,1,18.801207
-1.1,2,18.841171
-1.0,1,18.868397
-0.8,3,18.922966
-1.0,3,18.983584
-1.0,1,19.005802
-1.1,4,19.081762
-1.2,3,19.135401
-1.0,1,19.153072
-1.0,1,19.173751
-1.0,1,19.197617
-1.0,1,19.229252
-1.1,2,19.259794
-1.0,1,19.284492
-1.0,1,19.302607
-1.0,1,19.327415
-1.2,3,19.397658
-1.0,1,19.421905
-1.0,3,19.482161
-1.1,2,19.526589
-1.1,2,19.566563
-1.0,5,19.673057
-0.9,2,19.717018
-1.0,3,19.772625
-1.0,1,19.796345
-1.1,2,19.842963
-1.0,3,19.891812
-0.9,2,19.925597
-0.9,2,19.959879
-1.0,1,19.974484
-1.0,1,19.993943
-1.0,3,20.028749
-1.1,2,20.054501
-1.0,1,20.070678
-1.0,3,20.115539
-1.1,2,20.140661
-0.9,2,20.174397
-1.0,1,20.189969
-1.0,1,20.211263
-1.0,1,20.225343
-1.1,2,20.261678
-0.9,4,20.309489
-1.1,2,20.343751
-1.0,1,20.363713
-0.9,2,20.391402
-1.1,2,20.420771
-1.0,1,20.440372
-1.1,2,20.474731
-1.0,1,20.489836
-1.0,1,20.509943
-1.1,2,20.540806
-1.0,1,20.5549
-1.0,1,20.575126
-0.9,2,20.599819
-1.2,3,20.645324
-1.0,1,20.668536
-1.1,2,20.69985
-1.0,1,20.715083
-1.0,1,20.735315
-1.0,1,20.753935
-1.0,1,20.770236
-1.0,1,20.79042
-1.0,1,20.807498
-0.8,3,20.845075
-0.9,2,20.874699
-0.9,2,20.899877
-1.1,2,20.930242
-1.0,1,20.945948
-1.0,1,20.966356
-1.0,1,20.986018
-1.1,4,21.052925
-0.9,4,21.101263
-1.0,1,21.125664
-1.0,1,21.145376
-1.0,3,21.180029
-1.0,1,21.201274
-1.0,1,21.224316
-0.9,2,21.26006
-1.1,2,21.290858
-1.0,1,21.314522
-1.0,1,21.340557
-1.0,1,21.360045
-1.0,1,21.379862
-1.2,5,21.45944
-1.0,1,21.479707
-1.1,2,21.505393
-1.0,1,21.525079
-1.0,1,21.541098
-1.1,2,21.570509
-0.9,4,21.626691
-1.1,2,21.66008
-1.1,8,21.754648
-1.0,1,21.770259
-0.8,5,21.82687
-1.0,1,21.847804
-1.0,1,21.864605
-1.0,1,21.8931
-1.0,1,21.915066
-1.0,1,21.935329
-1.0,5,22.005319
-1.2,5,22.071522
-1.0,1,22.090171
-1.1,2,22.124957
-1.1,2,22.154906
-1.0,1,22.17524
-1.0,1,22.1954
-1.0,1,22.214554
-0.8,3,22.26039
-0.9,2,22.290936
-1.0,1,22.304507
-1.0,1,22.321031
-1.0,1,22.34085
-1.1,2,22.370629
-0.9,2,22.403813
-1.0,1,22.423543
-1.0,1,22.443133
-0.9,2,22.47032
-1.1,4,22.52508
-0.7,4,22.58502
-1.0,1,22.61142
-1.3,4,22.659121
-1.0,3,22.694512
-1.1,2,22.721534
-1.0,1,22.737226
1.0,1,22.7558
-1.0,1,22.774727
-1.0,1,22.795858
-0.9,2,22.827928
1.1,2,22.856088
-1.0,1,22.873892
-1.0,1,22.890986
-0.9,2,22.920759
-1.0,1,22.937143
-1.0,1,22.956012
-1.0,1,22.97633
-1.0,1,22.998838
-1.0,1,23.016306
-1.0,1,23.0344
-0.9,2,23.065073
-1.1,2,23.095819
-1.0,1,23.114955
-1.0,1,23.130037
-1.0,1,23.144705
-1.0,1,23.160328
-0.8,3,23.20575
-0.9,2,23.229944
-1.0,1,23.25126
-1.0,1,23.271376
-0.9,2,23.300853
-1.0,1,23.32112
-1.0,1,23.338907
-1.0,1,23.356655
-1.0,1,23.375566
-1.0,3,23.42013
-1.0,1,23.443963
-1.3,4,23.503041
-1.0,1,23.52034
-1.0,1,23.53589
-0.9,2,23.565059
-1.0,1,23.578437
-1.1,2,23.616465
-1.0,1,23.635099
-1.0,1,23.653488
-1.2,5,23.715214
-1.0,1,23.735415
-1.0,1,23.754824
-1.0,1,23.775303
-1.0,1,23.795124
-1.0,1,23.819927
-1.0,1,23.836281
-1.0,1,23.855442
-1.1,2,23.880378
-1.1,2,23.912652
-1.1,2,23.940818
-1.0,1,23.959542
-1.0,1,23.980388
-1.0,1,23.999529
-1.0,1,24.02523
-1.0,1,24.04534
-1.0,1,24.058421
-1.0,1,24.077292
-1.0,1,24.093977
-1.0,3,24.136473
-1.1,2,24.168352
-1.0,1,24.185741
-1.1,2,24.214934
-1.0,3,24.258907
-1.1,6,24.325232
-1.2,9,24.436837
-0.9,2,24.469656
-1.0,1,24.485828
-1.0,1,24.505363
-1.0,1,24.525262
-1.0,1,24.541017
-0.8,5,24.60931
-1.1,2,24.635113
-0.8,5,24.694971
-0.9,2,24.725514
-1.0,3,24.765737
-1.0,1,24.789357
-1.1,4,24.839982
-1.0,1,24.85367
-1.0,1,24.870381
-1.0,1,24.895223
-1.5,6,24.960405
-1.0,1,24.988844
-0.8,3,25.028159
-1.0,1,25.047607
-0.9,2,25.074994
-0.9,4,25.124762
-1.1,2,25.15606
-1.2,3,25.19999
-1.1,2,25.228443
-1.0,1,25.246145
-1.1,2,25.274329
-1.2,3,25.314781
-1.0,3,25.354864
-1.0,3,25.399973
-1.0,1,25.420115
-1.1,2,25.453088
-1.0,1,25.470747
-0.9,2,25.499743
1.0,1,25.521982
-1.0,5,25.585166
-1.0,1,25.61104
-1.0,1,25.62387
-1.0,1,25.6443
-1.0,1,25.666443
-1.0,1,25.684584
-1.0,1,25.699886
-1.1,2,25.735427
-1.0,5,25.804361
-1.1,2,25.835021
-1.1,2,25.865377
-1.0,1,25.88563
-1.0,1,25.907239
-1.1,2,25.935397
-1.1,2,25.967584
-1.0,1,25.986847
-0.8,3,26.023263
-1.0,1,26.039798
-1.0,1,26.063648
-1.2,5,26.126655
-0.9,2,26.156003
-1.1,2,26.185967
-1.1,2,26.214535
-1.0,1,26.235791
-1.1,2,26.270039
-1.0,1,26.284662
-1.0,1,26.305972
-1.0,1,26.325734
-1.0,1,26.340846
-1.1,2,26.375478
-1.0,1,26.394428
-1.1,2,26.422284
-0.9,2,26.449142
-0.8,3,26.490283
-1.2,3,26.535478
-1.0,1,26.556025
-1.0,1,26.579181
-1.1,2,26.605106
-1.1,2,26.636922
-1.0,1,26.650547
-1.1,2,26.680076
-1.2,3,26.714585
-1.1,2,26.745697
-1.0,1,26.769415
-1.0,1,26.78568
-1.0,1,26.805449
-1.1,2,26.839979
-1.2,3,26.882408
-1.1,2,26.910416
-1.2,3,26.949269
-0.9,2,26.978673
-1.0,1,26.994428
-1.0,1,27.015853
-1.0,1,27.040703
-1.0,1,27.054861
-1.0,1,27.074571
-1.0,1,27.096255
-1.0,1,27.115454
-0.9,2,27.145926
-1.1,2,27.174392
-0.9,2,27.205336
-1.1,2,27.229778
-1.1,2,27.255318
-0.6,5,27.320114
-1.0,1,27.340099
-1.0,1,27.355236
-1.0,1,27.376111
-1.0,1,27.395844
-0.9,2,27.425471
-1.0,1,27.444633
-1.0,1,27.461271
-1.0,1,27.479842
-0.9,2,27.510887
-1.0,1,27.528685
-1.1,2,27.554582
-1.0,1,27.575145
-1.0,1,27.590873
-1.0,1,27.610325
-1.0,1,27.635706
-1.0,1,27.652827
-1.0,1,27.680453
-1.0,3,27.726699
-0.8,3,27.769469
-1.0,1,27.784688
-1.1,2,27.815654
-1.1,4,27.870018
-1.0,1,27.889717
-1.0,1,27.904426
-1.0,1,27.924604
-1.0,1,27.945415
-0.9,4,28.004841
-1.1,4,28.054943
-1.0,1,28.069813
-1.2,3,28.105216
-1.0,1,28.119922
-1.1,2,28.149748
-0.8,3,28.191447
1.0,1,28.211793
-1.0,1,28.229464
-1.0,1,28.246837
-0.9,2,28.27526
-1.0,3,28.318088
-1.0,1,28.337327
-1.0,5,28.397478
-1.0,1,28.41556
-1.0,1,28.434913
-1.0,1,28.453742
-1.0,3,28.494559
-1.0,1,28.509198
-1.0,1,28.525028
-1.0,1,28.544179
-1.0,1,28.560883
-1.0,1,28.578932
-1.1,2,28.609402
-1.0,1,28.623871
-0.9,2,28.652228
-0.9,4,28.709787
-0.7,6,28.800855
-1.1,2,28.830041
-1.0,3,28.864364
1.2,3,28.900506
-1.0,1,28.915163
-1.0,5,28.97558
-1.0,1,28.998339
-1.0,1,29.016227
-1.1,2,29.04493
-0.9,2,29.079802
-1.1,2,29.110301
-0.9,4,29.164271
-1.1,2,29.19059
-1.2,5,29.245968
-1.0,3,29.284789
-1.0,1,29.307814
-1.0,1,29.325435
-1.2,5,29.390727
-0.9,4,29.444901
-1.0,1,29.45993
-1.3,4,29.50908
-1.0,1,29.525766
-1.0,1,29.543003
-1.0,1,29.55978
-1.0,1,29.58028
-1.1,4,29.633882
-1.0,1,29.652301
-1.3,4,29.713717
-1.0,3,29.754692
-1.0,1,29.770997
-1.0,1,29.789168
-1.0,1,29.804353
-1.0,1,29.821748
-1.0,1,29.839813
-1.2,5,29.901452
-1.0,1,29.918566
-1.0,1,29.93721
-0.8,3,29.980927
-1.0,1,30.000091
-1.0,1,30.019936
-0.9,2,30.050305
-0.7,4,30.105419
-1.1,4,30.149087
-1.0,1,30.165214
-1.1,2,30.197981
-1.0,3,30.244817
-1.0,3,30.287797
-0.9,2,30.319793
-1.0,1,30.344581
-1.2,5,30.40854
-0.9,2,30.436223
1.0,1,30.452547
-1.0,1,30.471704
-1.1,4,30.519834
-1.2,5,30.58409
-1.0,1,30.59872
-1.1,2,30.636152
-1.0,1,30.654418
-1.0,1,30.670728
-1.0,1,30.690423
-1.0,3,30.725062
-1.1,2,30.749837
-1.0,1,30.767837
-0.9,2,30.794972
-1.0,1,30.815565
-1.0,1,30.835384
-1.0,1,30.858993
-1.1,2,30.890292
-1.0,1,30.912694
-0.9,2,30.945949
-1.1,2,30.970621
-1.1,2,30.999854
-1.3,4,31.054659
-1.0,1,31.075589
-1.0,1,31.094956
-0.9,2,31.11869
-1.1,2,31.151508
-1.1,2,31.174776
-1.0,1,31.191801
-1.1,2,31.22057
-1.0,1,31.240447
-1.2,3,31.285958
-1.0,1,31.30483
-1.0,1,31.326022
-1.0,1,31.349803
-0.9,2,31.379606
-1.1,2,31.410239
-1.1,2,31.439504
-1.1,4,31.487649
-1.1,2,31.514903
-0.9,4,31.5658
-1.0,1,31.589093
-1.0,1,31.6059
-1.1,2,31.638705
-0.9,2,31.665546
-1.0,1,31.680722
-1.0,3,31.725455
-1.0,1,31.744503
-1.0,1,31.759729
-1.0,1,31.775465
-1.1,4,31.823904
-1.0,1,31.84059
-1.1,2,31.871548
-1.0,1,31.884759
-1.0,1,31.899885
-1.1,2,31.935737
-0.9,2,31.967978
-1.2,3,32.010314
-1.0,3,32.058618
-1.1,2,32.090374
-1.1,2,32.125075
-1.0,1,32.148858
-1.0,1,32.171356
-1.1,2,32.199748
-1.1,2,32.22952
-0.9,4,32.282683
-1.0,1,32.301394
-0.9,2,32.339201
-1.0,3,32.39283
-1.1,2,32.428388
-1.0,1,32.445769
-1.0,1,32.465584
1.0,1,32.485717
-1.1,4,32.546048
-1.0,3,32.592478
-0.9,2,32.620208
-1.0,1,32.648597
-1.0,3,32.685421
-0.9,6,32.760344
-0.8,3,32.805009
-1.0,1,32.828231
-1.0,7,32.905503
-1.1,2,32.939711
-1.1,4,33.004565
-1.0,1,33.028172
-1.0,1,33.047184
-1.0,1,33.064875
-0.8,3,33.114619
-1.2,3,33.160537
-1.0,1,33.192569
-1.0,1,33.210818
-1.1,2,33.240051
-1.0,1,33.263794
-1.1,2,33.301526
-1.2,3,33.34372
-1.0,1,33.361548
-1.0,1,33.380179
-1.0,1,33.400141
-0.9,2,33.435398
-1.0,1,33.455293
-0.9,2,33.490282
-1.1,2,33.524894
-1.2,3,33.565089
-1.1,2,33.602317
-1.0,1,33.630124
-1.0,1,33.651399
-1.0,1,33.671002
-1.0,1,33.688643
-1.1,2,33.720269
-1.0,1,33.735686
-1.0,1,33.755034
-1.1,4,33.810477
-1.1,2,33.844726
-1.0,1,33.865767
-1.0,1,33.88026
-1.0,1,33.900322
-1.0,1,33.92499
1.0,1,33.945566
-1.1,2,33.974544
-1.0,1,33.998691
-1.0,1,34.015791
-1.0,1,34.035456
-1.1,2,34.06573
-0.9,2,34.090837
-1.0,1,34.109135
-1.1,2,34.135909
-1.0,1,34.155397
-1.2,3,34.198841
-1.0,1,34.215649
-1.0,1,34.236277
-1.1,6,34.310894
-1.0,1,34.329125
-1.0,1,34.343826
-0.9,2,34.375646
-1.0,1,34.397494
-1.0,1,34.41471
-1.0,1,34.430288
-1.2,3,34.476936
-1.0,1,34.500205
-1.0,1,34.515337
-1.1,4,34.570457
-0.8,5,34.632851
-0.9,2,34.664834
-1.2,3,34.708978
-1.1,4,34.765041
-1.0,1,34.78604
-1.0,5,34.85568
-1.0,1,34.877143
-1.0,1,34.894838
-1.0,3,34.94472
-1.1,2,34.970548
-1.0,1,34.989499
-1.0,1,35.014664
-1.0,1,35.031518
-0.9,2,35.05943
-1.4,9,35.17154
-0.9,4,35.225724
-1.0,1,35.245872
-0.9,2,35.279543
-1.0,1,35.302243
-1.0,1,35.321961
-1.0,1,35.340543
-1.0,1,35.359699
-0.9,2,35.39079
-1.0,1,35.411478
-1.0,1,35.430685
-0.9,2,35.461119
-1.1,2,35.49481
-1.1,2,35.524247
-1.3,4,35.573941
-1.1,2,35.60586
-0.8,3,35.64524
-1.0,1,35.660419
-1.0,1,35.681279
-1.0,1,35.700993
-1.0,1,35.725978
-1.1,2,35.759999
-1.0,1,35.780361
-1.0,1,35.804101
-0.9,2,35.830717
-0.9,2,35.859477
-1.0,1,35.880229
-1.1,2,35.905829
-0.9,2,35.934816
-1.0,1,35.954882
-1.0,1,35.970702
-1.1,2,36.004412
-1.1,4,36.058347
-0.9,4,36.111808
-1.0,1,36.129835
-1.0,3,36.171351
-0.9,4,36.231072
-1.0,1,36.250169
-0.8,5,36.313645
-1.1,2,36.339318
-0.9,2,36.371193
-1.0,1,36.390974
-1.0,1,36.414676
-1.0,1,36.430094
-1.0,1,36.446326
-1.2,3,36.485362
-1.0,1,36.50114
-1.1,2,36.530594
-1.0,1,36.549534
-0.9,2,36.578519
-1.0,9,36.687108
-1.0,1,36.707077
-1.0,1,36.725181
-1.0,1,36.74368
-1.0,1,36.761513
1.0,3,36.800499
-0.9,2,36.833861
-1.0,1,36.852782
-1.0,3,36.88935
-1.0,1,36.906256
-1.0,1,36.924958
-1.0,1,36.943176
-1.0,1,36.960908
-1.0,3,37.000669
-0.9,2,37.029156
-0.9,2,37.058021
-1.0,5,37.130381
-0.9,2,37.159597
-0.9,2,37.189298
-0.9,2,37.214145
-1.0,3,37.254039
-1.0,1,37.278064
-1.0,3,37.316107
-1.0,1,37.334397
-1.1,2,37.360271
-0.9,2,37.389357
-1.0,1,37.404389
-1.0,1,37.421914
-1.2,5,37.495159
-0.9,4,37.544989
-0.9,2,37.570284
-0.9,2,37.604018
-1.0,1,37.621761
-1.0,1,37.636251
-1.0,1,37.658296
-1.0,1,37.678224
-1.0,1,37.695852
-1.1,2,37.732232
-1.0,1,37.751025
-0.8,5,37.81629
-1.0,1,37.83714
-1.1,4,37.885385
-0.8,3,37.925237
-1.1,2,37.954707
-1.0,1,37.974033
-1.0,1,37.99088
-1.1,2,38.020165
-1.1,2,38.055151
-1.0,1,38.075031
-1.0,1,38.088896
-1.0,1,38.103984
-1.0,1,38.12093
-1.0,3,38.165179
-0.9,2,38.194243
-1.0,1,38.215489
-1.0,1,38.231096
-1.0,1,38.248984
-1.0,1,38.276333
-1.0,1,38.300394
-1.0,1,38.325175
-1.0,1,38.34483
-1.0,1,38.360852
-1.0,5,38.422336
-1.0,1,38.442217
-1.0,1,38.461069
-1.1,2,38.495669
-1.0,1,38.51687
1.0,1,38.536253
-0.7,6,38.623317
-1.0,3,38.675942
-1.0,1,38.694855
-1.0,1,38.715632
-1.0,1,38.735774
-1.1,2,38.767063
-0.9,2,38.794392
-1.0,1,38.814541
-0.9,2,38.847835
-1.0,1,38.868163
-1.1,4,38.920835
-1.1,2,38.9509
-1.1,2,38.980133
-1.0,1,39.00007
-1.1,2,39.031316
