#{"t_start": 1747756559.9349813, "env_id": "None"}
r,l,t
-1.0,1,7.403008
-1.0,1,7.426167
-1.3,4,7.503791
-1.1,2,7.550511
-1.0,1,7.566727
-1.0,1,7.587918
-1.0,1,7.60772
-1.0,1,7.627873
-1.1,2,7.657867
-0.9,2,7.691113
-1.0,3,7.736215
-1.0,1,7.757875
-1.0,1,7.782765
-1.0,1,7.809425
-1.0,1,7.837817
-1.0,1,7.858099
-0.9,2,7.893714
-1.0,1,7.91852
-1.0,1,7.940139
-1.0,1,7.962377
-1.1,4,8.022675
-1.2,3,8.068833
-1.4,5,8.139305
-1.0,1,8.163965
-1.0,1,8.188858
-1.0,1,8.209145
-1.0,1,8.227803
-1.0,1,8.252783
-1.1,2,8.288355
-0.9,2,8.31795
-1.1,4,8.382109
-1.0,1,8.406367
-1.0,3,8.461389
-1.0,3,8.503671
-1.0,3,8.546843
-1.0,1,8.567563
-0.8,3,8.605724
-1.0,1,8.628893
-1.0,1,8.647552
-1.0,1,8.66778
-1.0,1,8.686916
-1.0,1,8.708002
-1.1,4,8.764168
-1.0,3,8.817648
-1.0,1,8.832644
-0.9,2,8.872597
1.0,1,8.893814
-1.0,1,8.915463
-1.1,2,8.942626
-1.0,1,8.962443
-1.0,1,8.987909
-0.9,2,9.016615
-1.0,1,9.032761
-1.1,2,9.068987
-0.8,3,9.114271
-1.0,1,9.13346
-1.2,3,9.179216
-1.0,1,9.199884
-1.0,1,9.220091
-1.0,1,9.237746
1.1,6,9.322912
-1.0,1,9.341016
-1.0,1,9.36315
-1.0,1,9.386307
-1.1,2,9.418122
-1.0,1,9.437916
-1.0,1,9.458252
-1.0,1,9.478511
-0.8,3,9.523137
-1.0,1,9.547906
-0.9,2,9.576735
-1.0,1,9.597904
-0.9,2,9.633016
-1.0,3,9.677634
-1.0,3,9.722324
-1.0,1,9.74125
-1.0,3,9.782023
-1.0,1,9.806867
-1.1,2,9.839903
-1.0,1,9.857246
-1.0,1,9.877904
-1.0,1,9.890998
-1.0,1,9.908627
-0.8,7,10.007982
-1.0,1,10.02481
-0.9,4,10.087492
-0.9,2,10.123246
-1.1,4,10.177247
-0.9,2,10.20244
-1.0,1,10.22865
-1.0,1,10.247647
-0.9,2,10.282936
-1.0,1,10.304419
-0.8,5,10.376776
-1.2,5,10.458562
-1.0,1,10.47877
-1.0,1,10.498633
-1.1,2,10.532964
-1.1,2,10.567508
-1.0,1,10.594381
-1.0,1,10.612678
-1.1,2,10.645872
-0.9,2,10.678407
-1.0,1,10.693147
-1.0,1,10.714285
-1.0,1,10.732411
-1.0,1,10.750028
-1.2,3,10.791766
-1.0,1,10.807982
-1.0,1,10.827525
-1.0,1,10.848665
-1.0,1,10.870725
-1.0,1,10.892244
-1.0,1,10.909048
-1.0,1,10.927829
-1.1,2,10.963028
-1.0,1,10.983756
-1.0,1,11.00259
-1.0,1,11.021793
-1.0,1,11.042586
-1.1,2,11.081998
-1.0,1,11.106038
-1.0,1,11.122206
-1.0,1,11.136672
-1.1,2,11.167377
-1.0,1,11.181813
-1.1,2,11.208492
-1.0,1,11.22645
-0.8,3,11.271283
-1.0,1,11.28809
-1.0,1,11.315283
-1.1,2,11.342935
-1.0,1,11.361591
-1.2,3,11.397338
-1.0,1,11.417443
-1.0,1,11.43312
-1.0,1,11.451775
-1.0,1,11.466979
-1.0,1,11.48257
-1.0,1,11.502898
-1.0,1,11.527802
-0.9,2,11.559748
-1.0,1,11.579708
-1.0,1,11.598664
-1.0,1,11.616658
-1.0,1,11.633335
-1.0,1,11.652092
-1.0,1,11.673521
-1.0,1,11.687707
-1.5,6,11.770321
-1.0,1,11.791134
-1.1,2,11.830871
-1.0,1,11.848688
-1.1,2,11.879953
-1.0,1,11.901921
-1.2,3,11.946218
-1.0,1,11.962257
-0.9,2,11.992061
-1.0,1,12.018445
-0.9,2,12.052778
-1.0,1,12.072454
-1.0,1,12.09751
-0.9,2,12.138166
-0.8,3,12.188161
-1.0,1,12.203264
-0.9,2,12.232852
-1.0,1,12.261895
-1.0,1,12.289469
-1.0,1,12.30866
-0.9,2,12.352719
-1.1,2,12.388028
-1.0,1,12.403779
-1.0,1,12.422501
-0.8,3,12.460652
-1.1,2,12.492354
-1.0,1,12.509652
-1.0,1,12.526935
-1.1,2,12.552849
-1.2,3,12.598832
-1.1,2,12.625132
-1.0,1,12.642599
-0.9,4,12.687043
-0.9,4,12.737914
-1.0,1,12.762811
-1.0,1,12.787611
-0.9,2,12.823113
-1.1,2,12.861764
-1.3,4,12.922578
-1.0,1,12.946301
-1.0,1,12.970134
-1.0,1,12.989409
-1.0,1,13.006637
-1.0,1,13.028266
-1.0,1,13.048598
-1.0,1,13.068324
1.0,1,13.085156
-1.1,2,13.112981
-1.0,1,13.137616
-0.9,2,13.166879
-1.1,10,13.287922
-1.0,1,13.30814
-0.9,4,13.361693
-1.1,2,13.393409
-0.9,2,13.421169
-1.0,1,13.442809
-1.3,8,13.551704
-1.1,2,13.583543
-1.0,1,13.602659
-1.1,2,13.63842
-1.0,1,13.65765
-1.0,1,13.677908
-1.0,1,13.693236
-1.0,3,13.731924
-0.9,2,13.756949
-1.0,1,13.779349
-0.9,2,13.811191
-1.1,2,13.839028
-1.1,2,13.8685
-1.0,1,13.887413
1.0,1,13.907389
-1.1,2,13.942436
-0.9,2,13.975859
-1.1,2,14.002605
-1.0,1,14.022584
-1.2,3,14.058273
-1.1,2,14.086844
-1.0,1,14.104002
-0.9,2,14.131631
-1.3,4,14.187313
-1.0,1,14.201462
-1.0,1,14.221671
-1.0,1,14.23735
-1.1,2,14.266291
-1.0,1,14.283446
-1.0,1,14.301772
-1.0,3,14.34389
-1.0,1,14.363287
-0.9,2,14.393406
-1.0,1,14.412429
-1.1,2,14.448896
-1.0,1,14.478968
-1.0,3,14.518825
-1.0,3,14.562529
-1.0,1,14.584487
-1.1,2,14.611258
-1.2,3,14.65226
-1.0,1,14.668505
-1.0,1,14.684244
-0.9,6,14.758574
-0.8,3,14.802555
-1.0,1,14.818647
-1.1,4,14.871636
-1.1,2,14.898186
-0.9,2,14.926889
-1.1,2,14.961983
-1.0,1,14.981712
-1.0,1,15.007464
-1.2,3,15.043221
-1.0,1,15.062123
-1.1,2,15.096632
-0.9,2,15.128067
-1.2,3,15.162903
-1.0,1,15.177969
-0.8,3,15.218415
-1.0,1,15.237117
-1.3,6,15.322135
-1.0,1,15.351501
-1.0,1,15.371168
-1.0,1,15.393378
-1.0,1,15.423736
-1.0,1,15.442544
-0.9,2,15.478403
-1.0,1,15.503023
-0.9,2,15.532352
-1.0,1,15.552774
-1.1,4,15.613159
-1.0,1,15.632818
-1.0,1,15.652493
-1.0,1,15.678385
-1.0,1,15.692014
-1.0,1,15.70927
-1.0,1,15.734036
-1.1,2,15.761512
-1.0,1,15.777745
-1.0,1,15.796749
-1.1,2,15.821825
-1.1,2,15.848021
-1.1,2,15.878065
-0.9,2,15.912446
-1.0,1,15.931387
-1.0,1,15.957071
-1.1,2,15.991665
-1.0,1,16.011271
-1.0,1,16.029393
-1.0,1,16.048021
-0.9,2,16.078799
-0.9,2,16.10813
-1.0,1,16.132425
-1.0,1,16.156319
-1.0,1,16.177601
-1.0,3,16.214237
-1.1,2,16.242231
-1.0,1,16.262934
-1.1,2,16.296596
-1.0,1,16.31809
-1.0,1,16.338418
-0.8,5,16.392997
-1.0,1,16.408318
-1.0,1,16.42742
-0.7,4,16.482832
-0.8,3,16.522234
-1.0,1,16.537604
-1.1,6,16.618195
-1.0,1,16.636022
-0.9,2,16.666955
-0.9,2,16.702222
-1.1,2,16.729464
-1.0,1,16.746547
-1.4,5,16.80338
-1.1,2,16.834651
-1.0,1,16.852728
-1.0,1,16.872003
-1.0,1,16.893215
-0.9,4,16.947723
-1.0,1,16.966966
-1.1,2,17.001811
-1.0,1,17.016139
-0.9,4,17.067195
-0.9,2,17.103182
-1.0,1,17.125745
-1.0,1,17.144626
-1.0,1,17.163729
-1.0,1,17.181821
-1.0,3,17.227395
-1.0,1,17.247873
-0.9,2,17.272773
-1.0,1,17.292361
-1.0,1,17.312496
-0.9,2,17.344922
-0.9,2,17.372045
-1.0,1,17.391739
-1.0,1,17.406115
-1.1,2,17.434934
-1.0,1,17.454882
-1.0,1,17.470352
-1.0,1,17.490548
-1.3,4,17.536471
-1.0,1,17.558745
-1.0,1,17.58076
-1.0,1,17.599781
-1.0,1,17.617317
-1.0,1,17.635471
-1.1,2,17.666665
-1.0,1,17.68169
-1.0,1,17.69911
-0.9,2,17.727815
-1.0,1,17.745574
-1.0,3,17.783273
-0.9,2,17.813942
-1.1,2,17.847932
-1.0,1,17.867151
-1.0,3,17.901665
-1.0,1,17.916247
-1.0,1,17.937137
-1.0,3,17.97643
-1.0,1,17.997663
-0.9,2,18.03501
-0.9,2,18.062743
-1.0,1,18.08183
-1.2,5,18.136238
-1.1,2,18.16166
-1.0,3,18.198045
-0.9,6,18.266766
-1.1,2,18.29553
-1.0,1,18.314355
-0.9,4,18.361897
-1.0,1,18.387776
-1.0,3,18.427398
-1.0,1,18.441007
-1.0,1,18.460241
-1.0,3,18.497091
-1.0,1,18.520833
-1.0,1,18.539416
-1.0,1,18.557329
-1.3,8,18.652151
-1.0,1,18.666522
-0.9,2,18.698734
-1.1,2,18.732211
-1.0,1,18.748482
-1.0,1,18.767683
-1.0,1,18.787369
-1.0,1,18.812033
-1.0,1,18.829247
-1.1,2,18.856694
-1.0,1,18.877174
-0.9,2,18.898369
-1.0,1,18.917313
-0.9,2,18.947215
-1.2,5,19.004814
-1.0,1,19.023574
-1.1,2,19.052408
-1.0,1,19.072897
-0.8,3,19.110986
-1.0,1,19.133337
-1.1,2,19.161478
-1.0,1,19.176575
-1.1,2,19.204381
-0.7,4,19.252748
-1.3,4,19.315256
-1.0,1,19.333422
-1.0,1,19.359543
-1.0,1,19.38307
-1.0,1,19.406921
-1.0,1,19.423808
-1.1,2,19.460639
-1.0,1,19.483059
-1.1,2,19.520866
-1.0,1,19.541947
-0.9,2,19.57747
-1.0,1,19.597963
-1.0,1,19.623719
-1.0,3,19.666558
-0.9,2,19.695294
-1.0,1,19.726062
-1.0,3,19.781235
-0.9,2,19.813504
-1.0,1,19.833743
-1.2,5,19.918172
-0.9,2,19.95461
-1.0,1,19.974815
-1.1,2,20.010202
-1.0,1,20.035014
-0.9,2,20.081647
-1.0,1,20.109467
-1.1,2,20.145901
-1.0,1,20.166148
-1.0,1,20.186807
-0.8,3,20.254529
-1.0,1,20.27798
-1.0,1,20.306745
-1.1,4,20.377005
-1.1,2,20.413372
-1.1,2,20.456805
-1.0,1,20.480769
-1.1,2,20.511603
-1.3,4,20.570702
-0.9,2,20.614165
-1.0,1,20.639928
-1.0,3,20.694318
-1.0,1,20.722788
-1.0,1,20.740456
-1.0,1,20.762675
-1.1,2,20.802553
-1.0,1,20.833429
-1.0,1,20.856693
-1.0,1,20.873473
1.1,2,20.904103
-1.0,1,20.925811
-1.0,3,20.979573
-1.0,1,20.997253
-1.0,1,21.025177
-1.0,1,21.042832
-1.1,2,21.087838
-1.1,2,21.127347
-1.0,1,21.149026
-1.1,2,21.1895
-1.0,1,21.213313
-1.1,2,21.247864
-0.8,3,21.287618
-1.1,2,21.323899
-1.0,3,21.367843
-1.0,1,21.388509
-1.0,1,21.409326
-0.9,4,21.463915
-1.0,1,21.483703
-1.0,1,21.503842
-1.0,1,21.528574
-1.0,1,21.554843
-1.0,1,21.576024
-0.9,2,21.607834
-0.9,2,21.64975
-0.9,2,21.693514
-1.0,3,21.750096
-1.0,3,21.804442
-1.1,2,21.839289
-1.0,1,21.858815
-0.8,5,21.922543
-1.0,1,21.946278
-1.1,2,21.973287
-1.1,2,22.005971
-1.0,1,22.024752
-1.1,4,22.079526
-1.0,1,22.097628
-1.1,2,22.133195
-1.1,2,22.168661
-1.1,4,22.22175
-1.0,3,22.258458
-1.0,1,22.278744
-1.0,1,22.297884
1.1,2,22.328827
-1.0,1,22.347288
-1.0,1,22.366719
-1.0,1,22.381403
-1.1,2,22.412626
-1.3,6,22.481614
-1.0,1,22.502995
-0.8,3,22.546524
-0.9,2,22.578683
-1.0,3,22.628788
-0.9,2,22.657923
-1.0,1,22.678155
-1.0,1,22.695934
-1.1,2,22.728251
-1.0,3,22.773129
-1.0,5,22.832815
-1.0,1,22.853381
-1.0,1,22.872289
-0.8,3,22.906684
-1.0,1,22.933084
-1.0,1,22.948187
-1.0,1,22.967316
-1.1,2,22.997073
-1.0,1,23.010661
-1.0,1,23.027741
-1.0,1,23.047094
-0.9,2,23.078196
-0.9,2,23.106461
-0.9,2,23.131464
-1.1,2,23.155692
-1.0,1,23.173452
-1.0,3,23.213454
-1.0,1,23.231946
-1.0,1,23.253285
-1.0,1,23.27299
-1.2,3,23.317222
-1.0,1,23.337191
-0.9,2,23.362418
-1.0,1,23.387475
-1.0,1,23.405255
-1.0,1,23.423934
-1.0,1,23.44188
-1.0,3,23.478691
-1.2,3,23.520234
-1.0,3,23.557361
-1.0,1,23.573925
-1.0,1,23.592109
-1.0,1,23.610413
-1.0,1,23.62957
-1.0,1,23.647896
-1.0,1,23.671994
-1.0,1,23.690263
-1.1,4,23.746642
-1.1,2,23.777922
-1.0,1,23.797245
-1.0,1,23.816875
-1.0,1,23.831291
-1.0,1,23.852471
-1.0,1,23.868152
-1.2,3,23.906831
-1.0,1,23.927513
-1.0,1,23.950681
-1.0,1,23.966254
-1.0,3,24.008867
-1.1,2,24.042183
-1.0,1,24.061268
-1.4,13,24.211667
-0.9,4,24.26499
-1.2,5,24.327791
-0.9,2,24.355064
-0.9,2,24.386842
-1.0,1,24.412401
-1.0,3,24.452748
-1.1,2,24.483321
-1.0,3,24.528926
-1.0,1,24.548632
-0.8,5,24.618842
-1.1,2,24.653349
-1.0,1,24.668591
-1.0,1,24.696971
-1.2,3,24.75688
-1.2,3,24.809223
-0.8,3,24.863567
-0.7,4,24.929131
-1.0,1,24.948329
-1.0,1,24.966601
-1.0,1,24.992865
-1.0,1,25.012877
-1.1,2,25.037748
-0.9,2,25.071291
-1.2,5,25.137892
-1.0,1,25.157516
-1.0,1,25.178835
-1.0,3,25.228934
-0.9,2,25.261578
-1.0,1,25.278379
-1.0,1,25.295162
-1.1,2,25.327065
-0.9,2,25.362632
-1.0,1,25.387402
-1.1,2,25.418684
-1.0,1,25.440838
-1.1,2,25.468296
-1.1,2,25.497684
-1.0,1,25.525467
-0.8,3,25.578245
-0.9,2,25.611637
-1.1,2,25.644291
-1.0,1,25.666209
-1.0,1,25.685379
-1.2,5,25.74796
-1.0,3,25.79734
-1.1,2,25.838025
-1.2,3,25.882639
-1.0,1,25.896744
-1.0,1,25.917457
-0.9,2,25.944953
-1.0,1,25.962273
-1.0,1,25.980429
-1.1,2,26.007288
-1.3,4,26.057148
-1.0,3,26.099478
-1.0,1,26.11812
-1.0,1,26.137428
-1.0,1,26.153692
-0.9,2,26.18802
-1.0,1,26.207619
-1.0,1,26.224254
-1.0,3,26.273143
-1.0,1,26.294216
-1.0,1,26.313607
-1.3,4,26.362241
-1.0,1,26.383332
-1.0,1,26.402169
-1.0,1,26.418818
-1.1,2,26.447318
-1.0,3,26.493558
-1.0,1,26.517347
-1.0,1,26.532643
-1.2,3,26.579621
-1.1,4,26.627401
-1.1,2,26.657604
-1.0,1,26.682509
-1.0,1,26.696158
-1.0,1,26.713316
-0.8,5,26.781477
-1.0,1,26.797299
-1.0,1,26.811838
-0.9,2,26.838582
-0.8,3,26.882279
-1.0,1,26.897871
-1.1,4,26.948606
-1.3,8,27.036461
-1.0,1,27.052867
-1.0,1,27.073202
-1.0,1,27.094361
-1.0,3,27.132498
-1.0,1,27.149209
-1.2,3,27.193892
-0.9,2,27.227345
-1.0,1,27.251851
-1.0,1,27.267055
-1.0,1,27.281755
-0.9,6,27.34774
-1.1,2,27.378006
-1.0,1,27.397328
-1.0,1,27.413372
-1.0,1,27.435743
-1.0,1,27.457904
-1.0,3,27.501574
-1.0,1,27.52172
-1.0,1,27.536322
-0.9,4,27.587358
-1.0,1,27.602937
-1.0,1,27.628742
-1.1,2,27.65719
-1.0,1,27.672339
-1.0,1,27.693995
-1.0,1,27.720885
-1.0,1,27.737737
-1.0,1,27.755883
-1.0,1,27.774545
-1.0,1,27.793591
-1.1,2,27.823205
-1.1,2,27.853584
-1.0,1,27.872859
-0.9,2,27.902781
-1.0,1,27.917536
-1.1,2,27.947491
-1.0,1,27.966953
-1.0,1,27.988353
-1.2,5,28.04714
-1.1,4,28.103979
-1.0,1,28.122645
-1.0,1,28.137209
-1.0,1,28.157359
-1.1,2,28.191723
-0.9,2,28.236562
-1.0,1,28.25844
-1.0,1,28.284533
-1.0,1,28.30323
-1.1,2,28.337833
-1.2,5,28.397463
-0.7,6,28.466442
-0.9,2,28.496944
-1.0,1,28.517318
-1.0,1,28.53316
-1.0,3,28.572278
-1.0,1,28.586744
-1.0,1,28.608825
-0.8,3,28.652381
-1.0,1,28.671854
-1.0,3,28.719346
-1.1,2,28.755506
-1.0,1,28.778733
-1.0,1,28.797852
-1.2,3,28.842766
-1.0,1,28.864823
-1.1,2,28.892359
-1.0,1,28.911554
-1.0,1,28.932296
-1.0,1,28.956576
-1.1,2,28.987591
-1.0,1,29.007329
-1.0,1,29.028603
-1.0,3,29.077441
-1.0,1,29.102221
-1.0,1,29.116544
-1.0,1,29.133725
-1.0,1,29.153393
-1.0,1,29.173147
-1.1,2,29.202018
-0.6,5,29.270422
-1.1,2,29.303185
-1.1,2,29.331934
-0.9,2,29.367965
-1.0,1,29.396257
-0.9,6,29.477755
-1.1,2,29.506775
-1.2,3,29.547494
-0.9,2,29.57846
-1.0,1,29.597307
-1.0,1,29.622494
-1.0,1,29.642766
-1.0,1,29.664981
-1.0,1,29.683062
-1.0,1,29.712347
-1.0,1,29.733438
-0.9,2,29.767246
-1.0,1,29.788457
-1.0,1,29.810931
-1.1,2,29.83918
-1.0,1,29.857606
-1.0,1,29.872329
-1.0,1,29.893884
-0.9,2,29.922208
-1.0,1,29.941357
-1.1,4,29.986961
-0.9,2,30.023419
-1.0,1,30.037893
-1.1,4,30.092579
-0.9,4,30.148378
-1.0,1,30.168302
-1.1,2,30.199514
-1.1,2,30.24093
-1.0,1,30.265817
-1.0,1,30.284773
-0.9,2,30.319272
-1.0,1,30.337413
-1.0,1,30.352093
-0.9,6,30.43201
-0.9,2,30.464993
-1.2,3,30.503175
-0.9,2,30.533373
-1.0,1,30.554572
-1.0,7,30.643009
-1.0,1,30.668889
-1.0,1,30.690918
-1.0,1,30.715263
-1.1,2,30.74972
-1.0,3,30.799008
-0.9,4,30.858336
-1.0,1,30.882848
-1.1,2,30.913346
-1.0,1,30.937198
-1.0,1,30.958481
-1.1,2,30.993864
-1.1,2,31.028254
-1.1,4,31.088302
-1.0,1,31.11364
-0.9,2,31.151204
-0.9,4,31.20473
-1.1,2,31.234014
-0.9,2,31.266917
-1.1,2,31.299027
-1.2,3,31.346847
-1.1,2,31.383144
-1.0,1,31.407146
-1.0,1,31.428346
-1.0,1,31.453455
-1.0,1,31.479511
-1.0,1,31.498748
-1.1,2,31.537837
-0.9,2,31.578315
-1.0,1,31.5976
-1.1,2,31.63239
-1.0,3,31.669361
-1.0,1,31.688433
-1.0,1,31.707039
-1.0,1,31.725819
-0.9,4,31.779387
-1.0,1,31.798911
-1.0,1,31.823385
-1.1,4,31.882554
-1.1,2,31.922605
-1.0,1,31.937629
-1.1,2,31.962318
-1.1,2,31.987533
-1.2,5,32.052432
-1.0,1,32.06985
-1.1,2,32.103016
-1.1,2,32.13758
-0.9,4,32.183096
-1.1,6,32.273976
-1.0,3,32.318728
-1.0,3,32.361766
-1.0,1,32.381209
-1.1,2,32.408529
-1.0,1,32.427717
-0.6,5,32.492832
1.0,1,32.512972
-0.9,2,32.542548
-1.0,1,32.567457
-0.9,2,32.59719
-1.0,1,32.62265
-1.0,1,32.64822
-1.4,5,32.72823
-1.0,1,32.756453
-1.1,2,32.784055
-1.1,2,32.816562
-1.0,1,32.84275
-1.0,1,32.866145
-1.0,1,32.892488
-1.0,1,32.912228
-1.0,3,32.947908
-1.0,1,32.96715
-1.1,2,32.997082
-0.9,2,33.026864
-1.0,1,33.043584
-1.0,1,33.061538
-0.9,4,33.114899
-1.0,1,33.13268
-1.1,2,33.167464
-1.0,1,33.191913
-1.0,1,33.217132
-1.0,1,33.237446
-1.0,1,33.258633
-1.0,1,33.28756
-0.9,2,33.322888
-1.0,1,33.342554
-1.1,6,33.41755
-1.0,3,33.468548
-1.0,1,33.501716
-1.2,3,33.53817
-1.2,3,33.57739
-1.0,1,33.597647
-1.0,1,33.617869
-0.9,4,33.673521
-1.1,2,33.706482
-1.0,1,33.72764
-1.0,1,33.743443
-0.9,2,33.772504
-1.0,1,33.792104
-1.0,1,33.807425
-1.1,4,33.864085
-1.0,1,33.883276
-1.0,1,33.902725
-1.2,3,33.938963
-1.0,1,33.957399
-1.1,4,34.00841
-1.1,2,34.039861
-1.0,1,34.061925
-1.0,1,34.082534
-1.0,1,34.0971
-0.9,2,34.130826
-0.9,2,34.162193
-1.0,1,34.185808
-1.0,1,34.204673
-0.9,2,34.232594
-1.0,1,34.252596
-1.0,3,34.288247
-1.0,1,34.306993
-1.0,1,34.332504
-1.0,3,34.372493
-1.0,1,34.396846
-1.0,1,34.424499
-0.9,2,34.456449
-0.9,4,34.525603
-1.0,1,34.543364
-1.0,1,34.563704
-1.0,1,34.579712
-1.0,1,34.597319
-1.1,2,34.621995
-1.1,2,34.65113
-1.0,1,34.668294
0.9,2,34.697815
-0.9,2,34.741546
-1.0,1,34.768203
-1.1,2,34.814583
-1.0,1,34.839131
-1.0,1,34.862318
-1.0,1,34.90435
-1.3,4,34.968635
-1.0,1,34.992398
-1.1,2,35.029327
-0.9,2,35.063248
-1.0,1,35.085526
-1.0,1,35.112301
-1.0,1,35.134006
-1.3,16,35.352488
-1.2,3,35.399216
-1.1,2,35.437593
-1.0,1,35.457862
-1.2,3,35.523628
-1.0,1,35.550362
-1.0,1,35.578103
-1.0,1,35.602842
-1.0,1,35.623555
-1.1,2,35.663144
-1.0,1,35.685384
-1.1,2,35.723699
-1.0,1,35.74493
-1.0,1,35.764163
-1.1,8,35.876796
-1.1,2,35.909743
-1.0,1,35.932493
-1.0,1,35.953179
-1.2,3,35.997626
-1.0,1,36.023456
-1.0,3,36.073521
-0.9,2,36.110376
-1.0,1,36.130576
-1.0,1,36.147175
-1.0,1,36.164782
-1.5,6,36.248945
-1.0,1,36.269192
-1.0,1,36.28389
-1.0,1,36.308095
-1.0,1,36.334291
-1.1,2,36.36132
-1.0,1,36.380784
-1.0,1,36.397925
-1.2,3,36.448309
-1.0,1,36.463944
-1.1,2,36.504602
-1.0,1,36.528337
-1.0,1,36.553115
-1.0,1,36.583424
-1.0,1,36.603136
-0.9,2,36.642018
-0.8,3,36.696515
-1.0,1,36.72224
-0.9,2,36.759774
-1.0,1,36.781044
-1.0,1,36.798704
-1.0,1,36.825224
-1.2,5,36.917657
-1.1,2,36.948056
-1.0,1,36.973845
-1.0,1,36.99533
-1.0,1,37.011956
-1.0,1,37.032233
-1.2,3,37.084706
-1.1,2,37.128933
-1.2,3,37.172117
-1.0,1,37.198389
-1.0,1,37.218068
-0.9,4,37.272356
-1.0,1,37.287438
-0.9,2,37.312158
-1.0,1,37.33082
-1.0,3,37.371869
-1.0,1,37.388844
-1.0,1,37.40471
-0.9,4,37.45275
-0.9,2,37.475485
-1.0,1,37.49457
-1.0,1,37.512517
-1.0,1,37.531866
-1.1,2,37.562851
-0.9,4,37.618853
-1.0,1,37.64048
-1.0,1,37.659129
-1.0,1,37.67681
-1.0,1,37.693499
-1.0,1,37.712613
-1.4,5,37.772704
-1.0,1,37.792959
-0.9,2,37.822592
-1.1,2,37.857156
-1.0,1,37.87889
-0.9,2,37.908246
-1.0,1,37.927367
-1.0,3,37.962649
-1.0,1,37.986591
1.0,1,38.00724
-1.0,1,38.026806
-1.0,1,38.053606
-1.0,5,38.113177
-1.0,1,38.131818
-1.1,2,38.16308
-1.0,1,38.188079
-1.1,2,38.217417
-1.0,1,38.241809
-1.0,1,38.262768
-1.1,2,38.297135
-1.1,2,38.332932
-1.0,1,38.354832
-1.0,1,38.37263
-1.0,3,38.412318
-1.0,1,38.433442
-0.9,2,38.467264
-1.0,1,38.487203
-1.0,1,38.507307
-1.1,2,38.542553
-1.1,4,38.602573
-1.0,1,38.622611
-1.0,1,38.642222
-1.0,1,38.663697
-1.0,1,38.682349
-1.0,1,38.700576
-1.0,1,38.718921
-1.0,1,38.736606
-1.0,3,38.778061
-1.0,3,38.822575
-1.0,1,38.836012
-0.8,5,38.902732
-1.0,1,38.924875
-1.0,1,38.942496
-0.9,2,38.972542
-1.1,2,39.001287
-1.1,2,39.026893
-0.9,4,39.077818
-1.3,4,39.132302
-0.9,2,39.167222
-0.8,3,39.215188
-1.0,1,39.233238
-1.0,1,39.251996
-1.1,4,39.301883
-1.0,1,39.317485
-1.0,3,39.3599
-1.2,5,39.427446
-1.0,1,39.44304
-1.1,4,39.491844
-1.0,1,39.507213
-0.9,2,39.536459
-0.9,2,39.57243
-1.2,7,39.658049
-1.0,1,39.681957
-0.9,4,39.72844
-1.0,1,39.747258
-0.9,2,39.776908
-1.0,1,39.798354
-0.9,2,39.822648
-1.0,1,39.848365
-1.0,1,39.867
-0.8,3,39.907086
-0.9,4,39.952594
-1.0,3,39.998755
-1.0,1,40.019408
-1.2,3,40.062841
-0.9,2,40.098218
-1.0,1,40.117988
-1.0,1,40.136391
-1.0,1,40.15139
-1.0,1,40.172498
-1.0,1,40.198704
-1.1,2,40.227328
-1.0,1,40.24675
-1.0,1,40.261982
-0.9,6,40.353231
-1.0,1,40.373635
-1.0,1,40.39732
-0.9,2,40.427043
-1.0,1,40.452711
-1.0,1,40.476823
-0.9,2,40.507259
-1.0,1,40.533388
-0.7,4,40.587066
-1.0,1,40.608232
-1.0,3,40.651849
-1.0,1,40.672241
-1.0,1,40.687505
-1.0,1,40.702582
-1.2,3,40.749267
-1.0,1,40.767019
-1.0,1,40.784594
-1.1,4,40.833018
-1.0,1,40.858829
-1.0,1,40.87558
-1.0,1,40.895225
