#{"t_start": 1747755752.6343083, "env_id": "None"}
r,l,t
-0.9,2,6.097027
-1.0,1,6.118249
-1.0,1,6.134971
-0.9,2,6.189732
-1.1,2,6.229546
-1.0,1,6.250865
-1.0,1,6.285696
-1.1,2,6.319594
-1.0,1,6.341019
-1.0,1,6.362207
-1.0,1,6.385645
-1.0,1,6.41084
-0.9,2,6.446678
-1.1,2,6.496337
-1.0,1,6.52105
-1.0,1,6.545084
-1.0,1,6.566458
-1.2,5,6.645726
-1.1,2,6.689489
-1.0,3,6.745922
-1.1,2,6.785234
-1.0,3,6.840398
-1.0,3,6.885571
-1.0,1,6.905151
-0.9,2,6.945163
-0.9,2,6.992075
-1.0,1,7.021819
-1.0,1,7.046587
-1.0,1,7.071028
-1.1,2,7.111439
1.0,1,7.13898
-0.9,2,7.174475
-0.9,2,7.215448
-1.0,1,7.239247
-1.0,1,7.259882
-1.0,1,7.284202
-1.0,1,7.310867
-0.9,2,7.350472
-1.0,1,7.373638
-1.0,1,7.39258
-1.1,2,7.427071
-1.0,1,7.445882
-0.8,3,7.493054
-0.9,2,7.537197
-0.9,2,7.572475
-1.0,1,7.591609
-1.1,2,7.6281
-1.0,1,7.654853
-1.0,1,7.67565
-1.0,1,7.701837
-1.0,1,7.725667
-1.0,1,7.751352
-1.0,1,7.772831
-1.2,3,7.827765
-1.1,2,7.866329
-0.8,3,7.919368
-1.0,1,7.945551
-1.0,5,8.027932
1.0,1,8.045737
1.0,3,8.099092
-1.0,1,8.120289
-1.0,1,8.146049
-1.1,2,8.180096
-1.2,3,8.236091
-1.0,1,8.259074
-1.0,1,8.280183
-1.0,1,8.299862
-0.9,2,8.334907
-1.0,1,8.354679
-1.1,2,8.384413
-1.0,1,8.410207
-1.0,1,8.434122
-0.9,2,8.46962
-1.2,3,8.519723
-1.0,1,8.549006
-1.0,3,8.5976
-1.0,1,8.621864
-1.0,1,8.639442
-1.0,1,8.664358
-1.2,3,8.721015
-0.9,2,8.759878
-1.3,4,8.821894
-1.1,4,8.896189
-1.0,1,8.916334
-1.0,1,8.934336
-1.1,2,8.978173
-1.0,3,9.039437
-0.9,2,9.084565
-1.0,1,9.100722
-0.9,2,9.135715
-0.9,2,9.170223
-1.0,1,9.190794
-0.9,4,9.266354
-1.0,1,9.295129
-1.0,1,9.325479
-1.0,1,9.345143
-1.0,1,9.372903
-1.0,1,9.392138
-1.0,1,9.415324
-1.0,1,9.443577
-0.9,2,9.482977
-1.0,1,9.50775
-1.0,1,9.525904
-1.1,2,9.564459
-1.0,1,9.5862
-1.0,1,9.607929
-1.0,1,9.62605
-1.1,2,9.66809
-1.0,1,9.690315
-1.0,1,9.724287
-1.0,1,9.74813
-1.0,1,9.775818
-1.0,1,9.794829
-1.0,1,9.815566
-1.0,1,9.85039
-1.1,4,9.929355
-1.0,1,9.950561
-1.0,1,9.970219
-0.9,2,10.003619
-1.0,1,10.024327
-1.0,1,10.043553
-1.0,1,10.065227
-1.1,2,10.108665
-1.0,1,10.132859
-1.0,3,10.189533
-1.0,1,10.216896
-1.0,1,10.236622
-1.0,1,10.262831
-1.0,1,10.282033
-0.7,6,10.376458
-1.0,1,10.405214
-0.8,5,10.485966
-0.9,2,10.520376
-1.0,1,10.545678
-1.1,2,10.583028
-1.1,2,10.61637
-1.0,1,10.636074
-1.1,2,10.672917
-0.9,4,10.746103
-1.2,3,10.795042
-0.9,2,10.831843
-1.0,1,10.851851
-1.3,6,10.9449
-1.2,3,10.993345
-1.0,1,11.013014
-1.0,1,11.030181
-0.9,2,11.066458
-0.9,2,11.108878
-0.8,3,11.154303
-1.0,1,11.178046
-1.0,1,11.201247
-1.0,1,11.750393
-1.1,2,11.795501
-1.1,2,11.830939
-0.9,2,11.870418
-0.9,4,11.929338
-1.0,1,11.956785
-1.0,1,11.975019
-1.0,1,12.001285
-1.1,2,12.03813
-1.0,1,12.162192
-0.9,2,12.199741
-1.0,1,12.222425
-1.0,1,12.241687
-1.0,1,12.259302
-1.1,2,12.291214
-1.0,3,12.34025
-1.0,1,12.360715
-1.1,2,12.39027
-1.0,1,12.410507
-1.0,3,12.459063
-0.8,3,12.513068
-1.0,1,12.531135
-0.9,2,12.559996
-1.0,1,12.580969
-1.1,2,12.614437
-1.2,3,12.658123
-1.2,5,12.725862
-1.1,2,12.760643
-1.0,1,12.780148
-1.0,1,12.800364
-1.1,4,12.85894
-0.9,2,12.89038
-1.1,2,12.924489
-1.0,1,12.94007
-0.9,2,12.975005
-1.1,2,13.01024
-1.0,3,13.049268
-1.0,3,13.095502
-1.0,1,13.120499
-1.0,1,13.13713
-0.9,2,13.164352
-1.0,1,13.184288
-0.9,2,13.215683
-1.0,1,13.241549
-1.1,2,13.270767
-1.0,1,13.290919
-1.0,3,13.33069
-1.1,2,13.354903
-1.0,1,13.373246
-1.0,1,13.390974
-1.0,1,13.412315
-1.0,1,13.429763
-1.2,5,13.501007
-1.0,3,13.547081
-1.0,1,13.566099
-1.1,2,13.594222
-1.0,1,13.614498
-0.9,2,13.650382
-1.1,2,13.682306
-0.9,2,13.718931
-0.9,2,13.746379
-1.0,1,13.765222
-1.0,1,13.78037
-1.1,6,13.860071
-1.0,1,13.881412
-1.0,1,13.900187
-1.0,1,13.919209
-0.9,2,13.949734
-1.0,1,13.972301
-0.9,4,14.028005
-1.1,2,14.060017
-1.0,1,14.0807
-1.0,1,14.101921
-1.1,2,14.1359
-1.1,4,14.195728
-1.0,1,14.219908
-1.1,2,14.248668
-1.0,1,14.265274
-1.0,1,14.28586
-1.0,1,14.305479
-1.0,1,14.330666
-1.0,3,14.375658
-1.0,1,14.394344
-1.0,1,14.409501
-1.1,2,14.440651
-0.9,2,14.469426
-0.9,2,14.504512
-0.9,2,14.540218
-1.1,2,14.572417
-1.2,3,14.610729
-1.0,3,14.649315
-1.0,1,14.670618
-1.0,1,14.690843
-0.9,2,14.718156
-0.9,2,14.749743
-1.0,1,14.772864
-1.0,1,14.791574
-1.0,1,14.810256
-1.0,1,14.830959
-1.0,1,14.851264
-1.2,3,14.894833
-1.0,1,14.915998
-1.0,1,14.936653
-1.0,1,14.954897
-1.0,1,14.974229
-1.0,1,14.99612
-0.9,2,15.030646
-1.0,1,15.051259
-1.0,1,15.070129
-1.0,1,15.095108
-0.9,2,15.130236
-1.1,2,15.160747
-1.0,1,15.180542
-1.0,1,15.199467
-1.0,3,15.240977
-1.1,2,15.269028
-1.2,5,15.329914
-1.1,4,15.385521
-1.1,2,15.427191
-1.1,2,15.461065
-1.0,1,15.479035
-1.2,3,15.520263
-1.1,2,15.553541
-1.1,6,15.635308
-1.2,3,15.675999
-1.1,4,15.731013
-1.0,1,15.755435
-1.0,1,15.775136
-1.0,1,15.796926
-1.0,1,15.815563
-1.0,1,15.834315
-1.0,1,15.855056
-0.9,2,15.887883
-1.4,5,15.950158
-1.1,4,15.997647
-1.0,1,16.017316
-0.9,2,16.045856
-1.0,1,16.065683
-1.0,1,16.084359
-1.0,1,16.105518
-1.0,3,16.156024
-1.0,1,16.175387
-1.3,4,16.229186
-1.1,4,16.290994
-0.9,2,16.324328
-0.8,3,16.359384
-1.0,1,16.376505
-1.3,4,16.425438
-1.0,1,16.445137
-1.1,2,16.485725
-1.0,1,16.505602
-1.0,1,16.524835
-1.0,1,16.545322
-0.9,6,16.625777
-0.9,2,16.660584
-1.0,1,16.678484
-1.0,1,16.701184
-1.0,1,16.719626
-1.0,1,16.737395
-1.0,1,16.754366
-1.0,1,16.776594
-0.8,3,16.820163
-1.0,1,16.840686
-1.0,1,16.862764
-1.0,1,16.881627
-0.9,2,16.909712
-1.0,1,16.929563
-1.0,1,16.956151
-1.0,3,17.000412
-1.0,1,17.020058
-1.0,1,17.039804
-1.0,1,17.054912
-1.2,3,17.102203
-1.0,1,17.120563
1.3,6,17.197739
-1.0,1,17.21636
-0.9,2,17.246014
-1.0,1,17.265164
-1.0,3,17.320151
-1.0,1,17.342791
-1.0,1,17.359643
-1.0,1,17.380258
-1.1,2,17.409434
-1.0,3,17.45578
-1.0,3,17.500413
-1.1,2,17.525642
-0.9,2,17.554452
-1.1,2,17.585968
-1.0,1,17.605436
-0.9,2,17.636311
-1.1,2,17.6704
-1.1,2,17.700404
-1.0,1,17.721396
-0.9,2,17.754144
-1.0,1,17.771291
-1.1,4,17.834554
-1.0,3,17.876641
-1.0,1,17.900844
-0.9,2,17.930063
-1.0,3,17.980065
-1.0,1,18.003456
-1.0,1,18.024781
-1.0,1,18.048494
-0.9,2,18.081511
-1.1,2,18.115129
-1.0,1,18.134737
-1.0,1,18.156304
-1.0,1,18.174933
-0.9,2,18.200462
-1.0,1,18.219204
-1.0,1,18.24054
-1.0,1,18.26296
-1.1,2,18.290922
-1.1,2,18.320308
-0.9,2,18.349805
-1.0,1,18.363901
-0.8,5,18.431298
1.0,1,18.45195
-1.4,5,18.509776
-1.2,3,18.554617
-1.1,2,18.589352
-1.0,3,18.632408
-1.0,1,18.650603
-1.1,2,18.679834
-1.0,3,18.719482
-1.1,2,18.745345
-1.0,1,18.758688
-1.1,2,18.789691
-1.0,1,18.810564
-1.0,1,18.842764
1.2,3,18.885699
-1.0,1,18.904341
-1.0,1,18.92503
-1.0,1,18.944985
-1.0,1,18.960038
-0.9,2,18.995418
-1.0,1,19.020202
-1.0,1,19.040565
-1.1,2,19.076213
-1.0,1,19.094976
-1.0,1,19.118163
-1.0,1,19.136428
-1.0,1,19.15526
-1.1,2,19.190137
-1.0,1,19.210021
-1.0,1,19.233622
-1.1,2,19.264786
-1.0,1,19.286908
-1.0,1,19.306058
1.1,2,19.334735
-1.1,2,19.360381
-1.0,1,19.380637
-1.0,1,19.398592
-1.0,1,19.41996
-1.3,4,19.485376
-1.2,5,19.555453
-1.0,1,19.575094
-1.0,1,19.593666
-1.0,1,19.614109
-1.0,1,19.645925
-1.1,2,19.683767
-0.9,2,19.710171
-1.0,1,19.730405
-0.9,2,19.76149
-1.0,1,19.781125
-1.0,3,19.821843
-1.0,3,19.862953
-1.1,2,19.895782
-1.0,1,19.918321
-1.0,1,19.935772
-1.0,1,19.955818
-1.0,1,19.974526
-1.0,1,19.990897
-1.0,1,20.008634
-1.1,2,20.045592
-1.0,3,20.096513
-1.0,1,20.116125
-1.0,1,20.134742
-1.0,1,20.15485
-1.0,1,20.173595
-1.0,3,20.218678
-1.3,4,20.274335
-1.0,1,20.295497
-1.0,5,20.355487
-1.0,5,20.42912
-1.1,2,20.465436
-1.0,1,20.488587
-1.0,1,20.505753
-1.0,1,20.524341
-1.0,1,20.546496
-0.9,2,20.58034
-1.1,2,20.610398
-1.0,1,20.625538
-1.0,1,20.646533
-1.0,1,20.665464
-1.0,1,20.687626
-1.0,1,20.705701
-1.0,1,20.730733
-1.0,3,20.769575
-1.0,1,20.789965
-1.0,1,20.809619
-1.0,1,20.824704
-1.0,1,20.844044
-1.0,1,20.866185
-1.0,1,20.886989
-1.1,2,20.91887
-1.0,3,20.954678
-1.0,1,20.97544
-1.0,1,20.990791
-1.0,1,21.009174
-1.1,4,21.071713
-1.0,1,21.094748
-1.0,1,21.115019
-1.0,3,21.161584
-1.1,2,21.190865
-1.0,1,21.209528
-0.9,2,21.233398
-1.0,1,21.249521
-0.9,2,21.279719
-1.2,3,21.326359
-0.9,2,21.35614
-1.1,4,21.405059
-1.1,2,21.434606
-1.0,1,21.455792
-1.0,1,21.476004
-1.4,5,21.540923
-1.1,2,21.570004
-1.0,1,21.590196
-1.0,1,21.60529
-1.0,1,21.620401
-1.0,1,21.645892
-1.0,1,21.659827
-1.0,1,21.67995
-1.1,2,21.708206
-1.0,1,21.731071
-1.0,1,21.750872
-1.0,5,21.825676
-0.9,2,21.855554
-1.0,1,21.880041
-1.0,3,21.925378
-1.0,1,21.945617
-1.1,2,21.981193
-1.0,1,21.999962
-1.0,1,22.019109
-1.0,1,22.034301
-1.0,1,22.051466
-0.9,4,22.100486
-0.9,2,22.134351
-0.9,2,22.164237
-1.0,1,22.190638
-1.0,1,22.21066
-1.1,2,22.24644
-1.2,7,22.333992
-1.1,2,22.364969
-1.0,1,22.389829
-1.0,1,22.411214
-1.0,1,22.430107
-0.9,2,22.45844
-1.2,3,22.504914
-1.0,1,22.52508
-1.1,2,22.559468
-1.0,1,22.57509
-1.0,1,22.59626
-1.0,1,22.615005
-1.0,3,22.660054
-1.0,1,22.676499
-1.0,5,22.745278
-1.0,1,22.764478
-1.0,1,22.785097
-1.2,3,22.829814
-1.0,1,22.851764
-1.3,4,22.913152
-1.0,1,22.929369
-0.9,2,22.960725
-1.0,3,23.00533
-0.9,2,23.040559
-1.1,2,23.069198
-1.1,2,23.10797
-0.9,2,23.134294
-0.8,3,23.182916
-1.0,1,23.204294
-1.0,1,23.224999
-1.0,1,23.245972
-1.0,1,23.27063
-1.0,1,23.293084
-1.0,1,23.313616
-1.1,2,23.340634
-1.1,2,23.371954
-1.0,1,23.391671
-0.9,2,23.427306
-0.9,2,23.45673
-1.0,1,23.475396
-1.0,1,23.500334
-1.0,1,23.521418
-1.0,1,23.54062
-1.0,1,23.560669
-1.1,4,23.614813
-1.0,1,23.631974
-1.0,1,23.651119
-1.1,2,23.685256
-1.0,1,23.705625
-1.1,2,23.734053
-1.0,1,23.74927
-1.0,1,23.773097
1.0,1,23.792371
-1.0,1,23.809722
-1.1,2,23.839075
-1.0,1,23.862376
-1.0,1,23.881246
-1.0,3,23.936769
-1.0,1,23.954543
-1.0,1,23.976131
-1.0,1,23.995824
-1.0,1,24.014939
-1.0,1,24.0337
-0.8,5,24.104691
-0.9,2,24.135869
-0.9,2,24.172815
-0.8,3,24.218739
-1.2,3,24.265151
-0.9,2,24.309212
-1.0,3,24.357038
-1.0,1,24.381251
-1.0,1,24.415589
-1.1,4,24.477331
-1.0,1,24.498522
0.9,2,24.541969
-1.0,1,24.560214
-1.1,2,24.594546
-0.9,2,24.628319
-1.1,4,24.694963
-1.1,4,24.760497
-1.0,1,24.785461
-1.0,1,24.805372
-1.0,3,24.861372
-1.0,1,24.881573
-1.1,2,24.919202
-1.0,1,24.946464
-1.1,4,25.007171
-1.0,1,25.030867
-1.0,1,25.055042
-1.0,3,25.100572
-1.1,2,25.146072
-1.1,2,25.188779
-1.0,1,25.213062
-1.1,2,25.249855
-0.9,2,25.285216
-1.0,1,25.306698
-0.8,3,25.357178
-1.0,1,25.375817
-1.0,1,25.399024
-1.0,1,25.418317
-1.0,1,25.439515
-1.0,1,25.468229
-1.0,1,25.490676
-1.0,1,25.514359
-1.0,1,25.539612
-1.1,2,25.571362
-1.0,1,25.592762
-1.0,1,25.612432
-0.9,4,25.676578
-1.0,1,25.692842
-1.1,2,25.721593
-1.1,4,25.783119
-1.0,3,25.841702
-1.0,1,25.860455
-1.0,1,25.880614
-0.8,3,25.93219
-1.0,1,25.950834
-1.0,1,25.97402
-0.9,2,26.01086
-0.8,5,26.076193
-1.0,1,26.10649
-1.0,1,26.127186
-1.1,2,26.162521
-1.1,2,26.19889
-1.0,1,26.218562
-1.1,2,26.252441
-1.0,1,26.271101
-1.1,4,26.335285
-1.1,2,26.381775
-1.1,2,26.426777
-1.0,1,26.450581
-1.0,3,26.501543
-0.9,4,26.566777
-1.0,1,26.583421
-0.8,3,26.636447
-1.2,3,26.690151
-1.0,1,26.711323
-0.9,2,26.745763
-0.9,2,26.781648
-1.0,1,26.802449
-0.8,5,26.88668
-1.0,1,26.911048
-1.0,1,26.931702
-1.0,3,26.981968
-1.0,1,27.006708
-1.0,1,27.030384
-1.0,3,27.08011
-1.0,1,27.101835
-1.0,1,27.126085
-1.1,4,27.19062
-1.1,2,27.226663
-0.9,2,27.256644
-1.1,2,27.284384
-1.0,1,27.305082
-1.0,1,27.325042
-1.0,1,27.343917
-1.0,1,27.36533
-1.1,2,27.400368
-1.0,1,27.420388
-1.0,1,27.440551
-1.0,1,27.461294
-1.0,1,27.481705
-1.0,3,27.524452
-0.9,2,27.54941
-1.0,1,27.571588
-0.9,2,27.603567
-1.0,1,27.630285
-1.0,1,27.650164
-1.1,2,27.686571
-1.3,4,27.735351
-1.0,1,27.75555
-1.0,1,27.768847
-1.1,2,27.799714
-1.0,1,27.81493
-0.9,2,27.844851
-1.0,3,27.886032
-1.0,1,27.90576
-0.9,6,27.97824
-0.9,2,28.004464
-1.0,1,28.02006
-1.0,1,28.039587
-1.0,3,28.086947
-1.0,1,28.104678
-1.0,1,28.123105
-1.0,1,28.14104
-1.0,1,28.161845
-1.0,1,28.179888
-1.1,2,28.210639
-1.0,1,28.229402
-1.3,6,28.294653
-1.2,3,28.32993
-1.1,2,28.360099
-0.8,3,28.406103
-1.1,4,28.459766
-1.0,1,28.474459
-1.4,5,28.535256
-1.0,1,28.555286
-1.0,1,28.574215
-1.0,1,28.591025
-1.0,1,28.608661
-1.0,1,28.626242
-1.0,1,28.646911
-1.0,1,28.66291
-1.1,2,28.695221
-1.0,3,28.73615
-1.0,3,28.769891
-0.9,2,28.800617
-1.4,7,28.884837
-1.0,1,28.906087
-1.1,2,28.930248
-1.0,1,28.952555
-1.0,5,29.02012
-1.1,4,29.070056
-1.0,1,29.090366
-1.0,1,29.10882
-1.1,2,29.13489
-0.9,2,29.161467
-1.1,2,29.190727
-1.0,1,29.213881
-1.1,2,29.24571
-1.0,3,29.295942
-1.2,3,29.345859
-1.1,2,29.379158
-1.0,1,29.395387
-1.0,1,29.409874
-1.0,1,29.429601
-1.0,1,29.449633
-1.1,2,29.47913
-1.1,2,29.504613
-1.1,2,29.534449
-1.0,5,29.598548
-1.0,1,29.620068
-1.0,1,29.63563
-1.1,6,29.704924
-0.9,2,29.736133
-0.9,2,29.760824
-1.0,1,29.778462
-1.0,1,29.795241
-1.0,5,29.855433
-1.0,1,29.874467
-0.9,2,29.911231
-1.1,2,29.939509
-1.1,2,29.965997
-1.0,1,29.985653
-1.2,3,30.02064
-1.0,1,30.039293
-1.1,2,30.065373
-1.0,1,30.087233
-0.9,2,30.115124
1.1,2,30.14572
-1.1,2,30.177692
-1.0,1,30.195947
-0.9,2,30.231972
-1.0,1,30.251331
-1.0,1,30.269788
-1.1,2,30.299083
-1.0,1,30.320007
-1.0,1,30.334313
-1.2,3,30.380862
-0.8,3,30.419749
-1.0,1,30.437407
-1.1,2,30.463846
-0.8,7,30.556036
-1.0,1,30.573732
-1.1,2,30.608248
-1.1,2,30.640109
-1.0,1,30.660716
-1.1,2,30.690125
-1.0,1,30.710068
-1.0,1,30.730332
-1.0,1,30.750033
-1.0,1,30.769399
-1.0,1,30.790313
-1.0,1,30.804809
-0.9,2,30.838414
-0.9,2,30.865649
-1.1,2,30.899376
-1.0,1,30.923417
-1.0,1,30.944617
-1.0,1,30.964722
-1.1,4,31.008835
-0.9,4,31.055176
-1.0,1,31.075483
-1.0,1,31.098791
-1.1,2,31.124555
-1.0,1,31.140657
-1.2,3,31.17696
-1.0,1,31.194956
-1.0,1,31.214233
-1.0,1,31.229403
-1.0,1,31.244774
-0.8,3,31.293521
-0.9,2,31.321788
-1.0,1,31.340437
-1.0,1,31.365929
-1.1,2,31.394474
-1.0,1,31.420135
-1.0,1,31.439007
-1.1,2,31.465656
-1.0,3,31.505552
-0.9,2,31.535225
-1.3,4,31.584696
-1.0,1,31.600261
-1.0,1,31.619538
-1.0,1,31.639002
-1.1,2,31.668853
-1.0,1,31.684406
-1.0,1,31.700186
-0.9,2,31.729595
-0.8,3,31.764755
-1.0,3,31.807851
-1.0,1,31.826668
-1.0,1,31.845267
-1.0,1,31.862163
-1.1,2,31.891001
-1.0,1,31.908552
-1.0,1,31.924509
-1.1,2,31.955873
-1.0,1,31.976988
-1.0,1,31.994735
-1.0,1,32.015109
-0.9,2,32.039163
-1.3,4,32.092254
-0.9,2,32.119347
-0.9,2,32.149493
-1.0,1,32.170302
-0.9,2,32.203045
-1.0,1,32.220392
-1.0,1,32.239355
-1.0,3,32.275658
-1.0,1,32.29512
-1.0,1,32.308865
-1.1,4,32.369484
-1.0,1,32.384065
-1.0,1,32.402616
-1.0,1,32.419517
-1.0,1,32.439457
-1.0,3,32.474551
-1.0,1,32.495321
-0.8,5,32.559606
-1.0,5,32.619106
-1.0,1,32.634925
-1.0,1,32.654322
-1.0,1,32.669557
-0.8,5,32.741407
-1.2,3,32.779617
-1.0,1,32.795236
-1.0,1,32.814118
-1.1,4,32.86856
-1.0,1,32.893114
-1.0,1,32.911967
-1.0,1,32.929998
-1.0,3,32.97274
-1.0,1,32.989443
-1.0,1,33.007083
-0.9,2,33.034911
-1.0,1,33.049698
-1.0,1,33.070094
-1.1,2,33.09953
-1.1,2,33.134817
-1.1,2,33.159763
-1.1,2,33.189663
-1.2,3,33.240055
-1.0,1,33.260596
-1.1,2,33.291931
-1.1,2,33.320222
-1.0,1,33.338921
-1.1,2,33.365632
-1.0,1,33.384789
-1.0,1,33.405652
-1.0,1,33.42476
-1.0,1,33.449205
-1.0,1,33.464753
-0.8,3,33.505084
-1.0,1,33.524746
-0.9,2,33.565286
-1.0,1,33.585669
-1.0,1,33.607993
-1.0,1,33.625724
-1.0,1,33.644718
-1.0,1,33.661835
-1.0,1,33.680216
-1.1,2,33.710011
-0.9,4,33.759369
-0.9,2,33.785145
-1.0,1,33.79996
-1.2,3,33.839388
-1.0,1,33.861558
-1.0,1,33.879186
-1.0,1,33.895129
-0.9,2,33.925656
-1.0,1,33.943357
-1.0,1,33.964351
-0.9,2,34.000037
-1.0,1,34.020642
-1.1,2,34.053484
-0.7,4,34.111353
-1.0,5,34.178768
-0.9,2,34.204452
-1.1,2,34.230506
-0.9,2,34.260338
-1.0,1,34.280222
-0.9,4,34.328779
-1.0,1,34.347369
-1.2,3,34.39457
-0.9,2,34.424841
-1.0,1,34.444445
-1.1,4,34.492965
-1.2,3,34.53323
-1.1,2,34.559825
-1.0,1,34.580032
-1.0,1,34.600484
-1.0,1,34.619167
-1.0,1,34.639876
-0.9,2,34.665164
-1.0,1,34.684101
-1.2,3,34.729974
-1.0,1,34.744935
-1.0,1,34.763682
-1.0,1,34.781504
-1.0,3,34.825988
-1.0,1,34.844115
-0.9,2,34.875213
-1.0,1,34.895855
-0.9,4,34.94418
-1.0,1,34.959427
-1.1,2,34.988838
-1.0,1,35.004078
-1.1,2,35.041933
-1.0,1,35.060678
-1.0,1,35.080336
-0.9,2,35.109735
-1.0,1,35.130842
-1.0,1,35.154793
-1.0,1,35.17874
-1.1,2,35.210654
-1.1,2,35.249618
-1.0,1,35.275785
-1.0,3,35.32434
-1.0,1,35.342438
-1.1,2,35.379079
-1.0,3,35.421254
-1.1,4,35.481747
-0.9,2,35.524466
-1.0,1,35.545639
-1.0,1,35.563847
-0.9,2,35.606237
-1.0,1,35.625043
-1.0,1,35.645196
-0.9,2,35.669219
-1.0,1,35.690142
-0.9,2,35.722823
-1.0,1,35.740533
-1.0,1,35.762569
-1.0,1,35.785019
-1.0,1,35.805413
-1.0,1,35.826017
-0.9,6,35.915659
-1.0,1,35.935794
-1.0,3,35.979794
-1.0,1,36.004697
-1.0,1,36.019827
-1.0,1,36.040731
-1.0,5,36.100668
-0.9,2,36.136239
-1.0,1,36.154891
-1.0,1,36.177502
-1.0,1,36.202588
-1.0,1,36.220213
-1.0,1,36.239987
-1.0,1,36.259672
-1.0,1,36.280121
-1.0,1,36.306861
-0.9,2,36.338795
-1.0,1,36.355672
-1.0,1,36.375378
-1.0,1,36.39417
-1.0,1,36.408958
-1.3,6,36.489334
-1.0,1,36.508604
-1.0,1,36.531765
-1.0,1,36.549737
-1.0,1,36.566149
-1.0,1,36.586598
-1.0,1,36.607284
-1.0,1,36.626892
-1.0,1,36.644814
-1.0,1,36.665035
-1.0,1,36.684506
-1.0,1,36.704836
-1.1,2,36.73954
-1.1,4,36.805095
-1.1,2,36.834028
-1.0,1,36.85881
-1.0,3,36.901185
-1.0,1,36.923012
-1.0,1,36.942142
-1.1,2,36.969777
-1.2,3,37.010805
-1.0,1,37.033227
-1.1,2,37.068772
-1.1,2,37.099534
-1.0,1,37.122908
-1.0,1,37.140632
-1.0,1,37.160088
-1.0,1,37.177802
-1.0,1,37.196339
-1.1,2,37.224621
-1.0,1,37.249278
-1.2,3,37.299214
-1.0,1,37.31899
-1.0,1,37.340309
-1.0,5,37.415022
-1.0,1,37.4346
-1.1,2,37.469623
-1.1,4,37.52657
-1.2,3,37.571756
-1.0,1,37.589418
-1.0,1,37.605579
-1.0,1,37.62582
-1.1,2,37.661348
-1.1,2,37.694364
-1.1,2,37.729542
-1.1,2,37.755445
-1.0,1,37.775073
-1.0,1,37.795272
-1.1,4,37.862724
-1.0,3,37.910841
-1.0,1,37.930479
-1.2,3,37.975525
-1.0,1,37.994102
-1.1,2,38.031047
1.0,3,38.082146
-1.1,2,38.1101
-1.0,1,38.129898
-1.1,2,38.160177
-1.0,1,38.179889
-1.0,1,38.199552
-1.0,1,38.219816
-1.0,1,38.235037
-1.0,1,38.255211
-1.0,1,38.275872
-1.0,1,38.297082
-0.9,2,38.329144
-1.0,1,38.345201
-1.0,1,38.369007
-0.9,2,38.407193
-1.0,3,38.446037
-1.1,2,38.474764
-1.0,1,38.494872
-1.0,1,38.513564
-0.9,2,38.544505
-1.0,1,38.562143
-1.0,1,38.580315
-1.0,1,38.607992
-1.0,1,38.625958
-0.8,3,38.670151
-1.0,1,38.691878
-1.1,2,38.727908
-1.0,1,38.747055
-1.0,1,38.766269
-0.9,2,38.794958
-1.0,1,38.814891
-1.0,1,38.837098
-1.0,1,38.859547
-1.3,4,38.90509
-1.0,1,38.924948
-0.9,2,38.954102
-1.1,2,39.001775
-1.2,3,39.044559
-1.0,1,39.062238
-1.0,1,39.079642
-1.2,3,39.123945
-1.0,1,39.144796
-1.0,1,39.164441
-1.0,1,39.180734
-1.0,1,39.199913
-1.1,2,39.233128
-1.0,1,39.253323
-1.0,3,39.306879
-1.0,5,39.39177
-1.0,1,39.413494
-1.0,1,39.435734
-0.9,2,39.470601
-1.0,1,39.491873
-1.0,1,39.514097
-1.0,1,39.532747
-1.0,1,39.556523
-1.1,2,39.591348
-1.0,3,39.64187
-1.0,1,39.661529
-0.9,2,39.697521
-1.0,3,39.74957
-1.0,1,39.772761
-1.0,1,39.791502
-0.9,2,39.824841
-0.9,2,39.863495
-1.0,3,39.907447
-1.1,2,39.944747
-1.1,4,40.021194
-0.9,2,40.07118
-1.1,2,40.107652
-1.0,1,40.125868
-1.1,2,40.162318
-0.9,2,40.199232
-0.9,2,40.23458
-1.0,1,40.256775
-1.0,1,40.274966
-1.0,1,40.299769
-1.0,1,40.328151
-1.1,6,40.43826
-1.2,5,40.508683
-0.9,2,40.547551
-1.1,2,40.577968
-1.0,1,40.604717
-1.1,4,40.682021
1.0,1,40.706313
-1.0,1,40.733605
-1.0,1,40.756319
-1.0,1,40.776593
-1.0,1,40.794876
-0.9,4,40.855552
-1.4,7,40.962968
-1.3,4,41.03161
-1.0,1,41.051308
-1.0,1,41.071548
-1.0,1,41.093804
-1.0,1,41.11309
-1.0,1,41.131824
-1.0,1,41.150476
-1.1,2,41.186285
-1.2,3,41.24266
-0.9,2,41.274982
-1.0,1,41.300316
-1.0,1,41.324614
-1.1,2,41.356952
-1.0,1,41.381742
-1.1,2,41.417086
-1.0,1,41.434769
