#{"t_start": 1747817012.4004107, "env_id": "None"}
r,l,t
-0.9,2,5.600744
-1.1,2,5.636449
-1.0,1,5.660289
-1.0,1,5.689527
-1.0,1,5.70744
-1.0,1,5.725709
-1.0,1,5.750365
-1.0,1,5.787338
-1.0,1,5.805838
-1.0,3,5.845602
-1.0,1,5.865321
-1.0,1,5.890348
-1.1,2,5.923667
-1.0,1,5.945442
-1.0,3,5.985519
-1.0,1,6.005534
-1.1,2,6.029691
-0.8,3,6.070634
-1.0,1,6.085866
-1.0,1,6.103729
1.2,3,6.146386
-1.1,2,6.180843
-1.0,1,6.193937
-1.0,1,6.213069
-0.8,3,6.258506
-1.0,1,6.274699
-1.0,1,6.29355
-1.1,4,6.343661
-1.0,1,6.360399
-1.0,3,6.400032
-1.0,1,6.41925
-1.0,1,6.440311
-1.0,1,6.454971
-1.0,1,6.474809
-1.1,4,6.520092
-1.0,3,6.563724
-1.0,3,6.60483
-1.0,1,6.624031
-1.0,1,6.643722
-1.0,1,6.665014
-0.9,4,6.714132
-0.9,2,6.744849
-1.1,2,6.780032
-1.0,1,6.799958
-0.9,2,6.830422
-1.0,1,6.849661
-0.9,4,6.910183
-1.0,1,6.925709
-0.9,2,6.960394
-1.0,1,6.980083
-1.0,1,6.999189
-1.1,2,7.029604
-1.0,1,7.055385
-1.0,3,7.094447
-1.0,1,7.113723
-1.0,3,7.153871
-1.0,1,7.169244
-1.1,2,7.195085
-1.1,2,7.224427
-1.0,1,7.245685
-1.1,2,7.275098
-1.1,2,7.30483
-1.0,3,7.344809
-1.0,1,7.364347
-1.0,1,7.38413
-1.1,2,7.409577
-1.0,1,7.429163
-0.9,2,7.453867
-1.0,3,7.491317
-1.0,1,7.509313
-1.0,1,7.525256
-1.4,5,7.589521
-1.0,1,7.610239
-1.0,1,7.628632
-1.1,2,7.653978
-0.9,4,7.707253
-0.9,2,7.734065
-0.9,2,7.75919
-1.0,3,7.798581
-1.0,1,7.814265
-0.8,3,7.849774
-1.0,3,7.894791
-1.0,1,7.914394
1.1,2,7.945091
-1.0,3,7.984905
-1.1,2,8.015197
-1.0,1,8.035658
-1.2,3,8.078685
-1.0,1,8.096114
-1.0,1,8.11381
-1.0,1,8.13502
-1.0,5,8.194706
-1.0,1,8.208187
-1.0,1,8.229773
-1.1,2,8.253607
-1.0,3,8.293918
-0.8,3,8.335098
-1.0,9,8.439395
-1.0,1,8.460092
-1.0,1,8.479107
-1.0,1,8.494532
-1.1,2,8.519337
-0.9,2,8.549309
-0.9,2,8.573818
-1.0,1,8.590148
-0.9,4,8.644357
-1.0,1,8.659513
-1.0,1,8.678841
-1.0,1,8.695196
-1.0,1,8.714713
-1.0,1,8.729517
-1.1,2,8.754057
-1.1,2,8.778814
-1.1,2,8.814444
-0.8,5,8.878625
-1.0,3,8.918916
-1.1,2,8.950857
-1.0,1,8.969076
-1.1,2,8.994447
-1.0,1,9.011331
-1.0,1,9.02924
-1.0,1,9.045429
-1.0,1,9.05999
-1.0,1,9.079285
-1.1,2,9.109504
-1.0,1,9.129426
-1.0,1,9.149469
-1.0,1,9.169881
-1.0,1,9.189496
-1.0,1,9.209425
-1.0,1,9.230574
-1.2,3,9.274604
-1.1,2,9.304009
-0.9,2,9.3298
-1.0,1,9.349836
-1.0,1,9.368755
-1.1,2,9.394212
-1.1,2,9.424798
-1.0,1,9.44413
-1.0,1,9.458486
-1.0,1,9.474671
1.0,1,9.496941
-1.3,4,9.543656
-1.1,4,9.594034
-1.1,4,9.648552
-0.9,2,9.674636
-1.0,1,9.692924
-1.1,2,9.724974
-1.0,1,9.744711
-1.0,1,9.76423
-1.0,3,9.803647
-1.0,3,9.84861
-1.0,1,9.865139
-1.0,3,9.904834
-0.9,2,9.938239
-1.3,4,9.984812
-1.0,1,10.003578
-0.9,2,10.030104
-1.0,3,10.07042
-1.0,1,10.08402
-1.0,1,10.100018
-1.1,2,10.126267
-1.1,4,10.174247
-1.0,1,10.193761
-1.1,2,10.218754
-1.0,1,10.234891
1.1,2,10.264818
-1.0,3,10.303341
-1.0,1,10.319731
-1.0,3,10.360706
-0.9,2,10.395331
-1.0,1,10.413905
-1.0,1,10.43569
-0.8,3,10.480518
-1.1,2,10.515043
-1.1,4,10.564934
-0.9,2,10.595408
-1.0,1,10.614336
-1.3,4,10.675641
-0.9,2,10.709727
-1.0,1,10.730747
-0.9,10,10.854415
-0.9,2,10.882352
-1.0,1,10.904501
-1.0,3,10.950029
-1.1,2,10.990058
-1.1,2,11.023901
-1.0,3,11.069771
-1.0,1,11.08867
-1.0,3,11.124387
-1.0,1,11.139996
-1.0,1,11.162705
-1.1,2,11.194672
-1.0,1,11.214303
-1.0,1,11.241907
-1.0,1,11.265428
-1.1,2,11.306012
-0.9,2,11.347124
-1.0,1,11.369545
-1.0,1,11.389477
-1.1,2,11.424459
-1.1,2,11.456271
-1.1,2,11.491303
-1.0,3,11.533595
-1.0,1,11.554915
-1.0,1,11.576357
-1.0,1,11.597236
-1.0,1,11.617225
-0.9,2,11.656139
-0.9,2,11.69043
-1.0,1,11.714891
-1.0,1,11.740391
-1.2,3,11.795352
-1.3,4,11.861886
-1.0,1,11.880619
-1.0,1,11.900306
-1.0,1,11.921088
-1.0,1,11.944396
-1.0,3,11.996543
-1.0,1,12.020607
-1.3,4,12.086589
-1.1,4,12.145313
-1.0,1,12.175298
-1.0,1,12.196645
-1.0,1,12.217094
-0.9,2,12.250637
-1.0,3,12.301028
-1.0,1,12.326848
-1.0,1,12.352547
-1.0,1,12.374488
-0.9,4,12.441504
-1.0,1,12.461282
-0.9,2,12.501397
-1.0,1,12.52509
-1.0,1,12.54733
-1.0,1,12.576344
-1.2,3,12.627724
-1.1,2,12.664766
-1.0,1,12.690106
-1.0,1,12.712026
-1.0,3,12.762502
1.0,1,12.781256
-0.9,4,12.848478
-0.9,2,12.891359
-1.2,3,12.940092
-1.0,1,12.960511
-1.0,1,12.975823
-0.9,4,13.029822
-1.0,1,13.050214
-1.0,1,13.072482
-1.1,2,13.10528
-1.1,2,13.145188
-1.0,1,13.17112
1.0,1,13.194999
-1.1,2,13.235512
-1.0,1,13.262007
-1.1,2,13.295448
-1.0,1,13.316282
-1.0,3,13.369661
-1.0,3,13.417312
-1.0,1,13.434381
-1.3,4,13.480293
-1.0,1,13.500229
-1.0,1,13.515134
-1.1,2,13.545056
1.0,1,13.560486
-1.0,1,13.585159
-1.0,1,13.600511
-1.1,2,13.631181
-1.0,5,13.710642
-1.0,1,13.729923
-0.9,2,13.758655
-1.0,1,13.773961
-1.0,3,13.815136
-1.0,1,13.834921
-0.9,6,13.897817
-1.1,2,13.924744
-1.1,2,13.953249
-1.0,1,13.975682
-1.0,1,13.99539
-0.9,4,14.044625
0.7,8,14.135298
-1.2,7,14.225653
-1.0,1,14.243929
-1.0,1,14.260244
-1.0,1,14.281101
-1.2,3,14.32556
-1.0,1,14.344456
-1.0,1,14.365268
-0.9,4,14.415291
-1.0,1,14.43433
-1.0,1,14.455185
-1.1,2,14.478877
-1.0,5,14.549737
-1.1,2,14.579761
-1.1,2,14.609219
-1.0,1,14.629964
-1.0,1,14.649316
-1.0,1,14.670447
-0.9,4,14.718457
-1.0,1,14.739689
-1.2,5,14.800009
-1.1,6,14.890184
-1.0,1,14.909775
-1.0,1,14.933956
-1.1,4,14.989484
-1.2,5,15.043134
-1.0,1,15.058953
-1.0,1,15.078627
-0.9,2,15.10986
-1.0,1,15.12928
-1.0,1,15.148861
-1.0,1,15.164854
-1.1,4,15.224001
-1.0,1,15.240335
-1.0,1,15.254598
-1.0,1,15.273226
-1.1,2,15.304477
-1.0,1,15.325595
-1.0,1,15.339877
-1.0,1,15.35876
-0.8,3,15.398581
-1.0,1,15.414728
-1.0,1,15.430403
-1.0,1,15.450204
-0.9,2,15.47935
-1.0,1,15.504894
-1.0,1,15.525677
-1.0,1,15.546322
-1.0,1,15.564236
-1.2,3,15.614631
-1.0,1,15.634146
-0.8,3,15.674541
-1.0,1,15.696078
-0.9,2,15.725519
-1.0,1,15.739604
-1.0,1,15.753361
-1.1,2,15.783572
-1.0,1,15.799114
-1.0,1,15.81433
-0.9,2,15.840148
-1.1,2,15.864359
-1.0,1,15.8791
-1.0,3,15.927001
-1.1,2,15.955576
-1.0,1,15.969697
-0.9,2,16.001118
-1.0,1,16.01949
-1.0,1,16.035527
-1.0,1,16.056263
-1.1,2,16.08456
-1.0,1,16.104778
-1.0,1,16.124407
-0.8,3,16.169297
-1.1,2,16.199854
-1.0,3,16.251746
-1.0,1,16.274408
-1.0,1,16.296439
-0.8,3,16.340574
-1.0,1,16.359417
-0.8,3,16.406471
-1.0,1,16.425012
-1.0,1,16.446151
-1.1,2,16.480363
-1.0,3,16.514851
-1.0,1,16.535679
-1.1,2,16.563226
-1.0,1,16.579096
-1.0,5,16.65092
-1.1,2,16.6743
-1.0,1,16.694596
-1.0,1,16.714102
-1.1,2,16.744282
-1.0,1,16.765985
-1.0,1,16.786388
-1.0,1,16.810029
-0.8,3,16.856304
-1.1,2,16.885638
-1.0,1,16.903856
-1.0,1,16.919374
-0.9,2,16.94425
-1.0,1,16.963173
-0.9,4,17.009164
-1.1,4,17.054696
-1.3,4,17.105051
-1.0,1,17.123975
-1.0,1,17.143639
-1.0,1,17.158536
-1.0,1,17.17439
-1.0,1,17.197008
-1.1,2,17.223657
-1.1,2,17.251112
-1.0,1,17.268472
-1.0,1,17.284474
-1.1,2,17.314267
-1.0,1,17.334707
-1.0,1,17.353816
-1.0,1,17.373828
-1.1,2,17.409675
-0.9,4,17.459327
-0.9,2,17.483326
-1.0,1,17.504421
-1.1,2,17.534163
-1.1,2,17.560098
-0.9,2,17.588345
-1.2,3,17.624819
-1.0,1,17.642938
-1.0,3,17.678777
-1.0,1,17.695664
-1.0,3,17.730819
-0.9,4,17.778376
-1.0,1,17.796076
-1.0,3,17.834511
-1.1,2,17.859919
-0.9,2,17.89054
-1.0,1,17.904311
-1.0,1,17.924658
-1.0,1,17.943927
-0.9,2,17.96852
-1.0,1,17.985619
-1.0,1,18.004596
-1.0,1,18.024173
-1.0,1,18.044804
-1.0,1,18.06463
-1.0,1,18.084256
-0.7,6,18.163714
-1.0,1,18.184849
-1.0,1,18.199361
-1.1,2,18.22444
-1.0,1,18.240494
-1.0,1,18.255144
-1.1,2,18.284455
-1.0,3,18.319917
-1.0,1,18.338205
-1.0,1,18.354061
-0.9,2,18.379797
1.0,3,18.426034
-1.0,3,18.464271
-1.3,4,18.515139
-1.0,3,18.55958
-1.1,2,18.58981
-1.1,2,18.621495
-1.0,1,18.64036
-0.9,2,18.670529
-1.0,1,18.69045
-1.1,2,18.720496
-1.0,1,18.738323
-1.0,1,18.759708
-1.0,1,18.778822
-1.0,1,18.798576
-1.1,2,18.82937
-1.0,1,18.84428
-1.0,1,18.863994
-1.0,1,18.880422
-1.0,1,18.900215
-1.1,2,18.930031
-1.0,1,18.949401
-1.0,1,18.969073
-1.1,2,19.003463
-0.9,2,19.028324
-1.4,5,19.084012
-1.0,1,19.098137
-1.1,2,19.125589
-0.9,2,19.155312
-1.0,1,19.174732
-1.0,1,19.194482
-1.0,1,19.214326
-1.0,1,19.233819
-1.0,1,19.253718
-1.2,3,19.294131
-1.1,4,19.345839
-1.1,2,19.373352
-0.9,2,19.407558
-0.9,4,19.459498
-1.0,1,19.479722
-0.9,2,19.508909
-1.0,1,19.529768
-1.0,1,19.54931
-1.1,2,19.580481
-1.0,1,19.599822
-1.1,2,19.629085
-1.1,2,19.654162
-1.0,1,19.673452
-1.0,1,19.690633
-1.0,1,19.710748
-1.0,1,19.728188
-0.9,2,19.755944
-1.0,1,19.775248
-1.0,1,19.793397
-1.0,1,19.810447
-1.0,1,19.824663
-1.0,1,19.839546
-1.0,1,19.854362
-1.3,4,19.904348
-0.8,3,19.943426
-1.1,2,19.968982
-1.0,1,19.988645
-1.0,1,20.009391
-1.2,3,20.049472
-1.0,1,20.071458
-1.0,3,20.109508
-1.4,5,20.173469
-1.0,1,20.194939
-1.0,1,20.215554
-1.0,3,20.254337
-1.0,5,20.32448
-1.0,3,20.364668
-1.0,3,20.399292
-1.0,1,20.414724
-1.0,1,20.429907
-1.0,3,20.473713
-1.0,1,20.493536
1.0,1,20.510041
-1.1,2,20.537655
-1.0,1,20.554955
-1.1,2,20.585445
-1.0,1,20.599111
-1.0,1,20.614002
-0.9,2,20.650075
-1.0,1,20.665801
-1.0,1,20.683778
-1.1,2,20.715052
-1.0,1,20.738716
-1.0,3,20.780184
-0.9,4,20.824431
-1.0,1,20.843997
-1.0,1,20.863674
-1.0,1,20.884937
-1.0,1,20.904223
-1.0,1,20.9261
-1.1,2,20.95499
-1.0,3,20.994749
-1.0,1,21.015112
-1.1,2,21.044022
-1.0,1,21.059228
-1.1,2,21.084205
-1.0,5,21.143971
-1.0,1,21.15964
-1.0,1,21.180126
-1.0,1,21.199561
-1.0,1,21.219998
-1.0,1,21.241522
-1.0,1,21.259561
-1.1,4,21.309129
-0.9,6,21.379904
-0.9,2,21.409476
-1.0,1,21.429661
-1.0,1,21.449044
-1.0,1,21.464371
-1.0,1,21.478925
-1.0,1,21.494574
-0.9,2,21.523211
-0.8,5,21.580511
-1.0,1,21.600168
-1.0,1,21.620245
-0.8,5,21.684773
-1.2,3,21.724972
-0.9,2,21.754719
-1.0,1,21.769852
-1.2,5,21.828587
-1.0,1,21.843953
-1.0,1,21.864508
-1.0,1,21.885641
-1.2,3,21.923529
-1.0,1,21.93956
-0.9,6,22.008957
-0.9,2,22.039196
-0.9,2,22.068379
-0.9,4,22.113947
-1.1,2,22.144036
-1.0,1,22.164536
-1.2,5,22.233448
-1.0,1,22.249266
-1.0,1,22.269606
-1.0,1,22.289261
-1.1,2,22.318577
-1.0,1,22.338629
-1.0,1,22.353431
-1.0,1,22.369637
-0.9,2,22.39906
-0.9,2,22.423541
-1.0,1,22.444158
-1.0,1,22.466048
-1.0,1,22.484243
-1.0,1,22.500781
-1.1,4,22.543715
-1.0,1,22.558897
-1.1,2,22.595564
-1.0,1,22.614014
-1.0,1,22.62957
-1.0,1,22.645722
-1.0,1,22.664798
-1.0,1,22.685045
-1.0,1,22.710884
-1.0,1,22.729521
-1.1,2,22.75409
-1.1,6,22.836432
-1.2,5,22.895119
-0.9,2,22.920713
-1.0,1,22.93896
-1.0,1,22.955033
-1.1,2,22.978964
-1.0,1,22.998707
-1.0,1,23.014133
-1.0,1,23.030027
-0.9,2,23.066955
-1.2,7,23.150171
-1.0,1,23.17137
-1.0,1,23.196911
-1.0,1,23.215408
-1.0,3,23.260388
-1.0,1,23.279273
-1.0,1,23.305513
-1.0,1,23.3261
-1.1,2,23.354476
-1.0,1,23.375295
-1.0,1,23.399695
-1.0,1,23.422032
-0.9,2,23.455076
-1.0,1,23.47514
-0.9,2,23.504065
-1.0,1,23.528819
-1.0,1,23.548537
-0.9,2,23.575701
-1.0,1,23.595366
-1.0,1,23.608732
-1.0,1,23.625103
-1.1,2,23.655654
-1.1,2,23.684139
-1.0,1,23.705482
-1.0,1,23.724816
-1.0,1,23.744453
-0.9,2,23.778705
-1.0,1,23.799288
-1.0,3,23.840717
-1.0,3,23.878297
-0.9,2,23.904289
-1.1,2,23.934516
-1.2,3,23.978805
-1.0,1,23.993608
-0.9,2,24.022001
-1.0,1,24.140928
-1.1,2,24.174796
-1.1,2,24.204719
-1.0,1,24.225307
-1.1,2,24.259324
-1.0,3,24.304926
-1.1,4,24.361411
-1.2,3,24.405296
-1.0,1,24.420464
-1.0,1,24.434856
-1.0,1,24.453997
-1.0,1,24.474318
-1.1,4,24.519879
-1.1,2,24.548939
-1.1,2,24.572986
-1.0,3,24.614863
-0.8,3,24.654538
1.0,1,24.67495
-1.0,1,24.688228
-1.0,1,24.70477
-1.0,1,24.720497
-1.3,4,24.770438
-1.0,1,24.789735
-1.1,2,24.819297
-0.9,2,24.850638
-1.0,1,24.873622
-1.0,7,24.954763
-1.0,1,24.975311
-1.1,2,25.003849
-1.0,1,25.018653
-1.3,4,25.064076
-1.1,2,25.095734
-0.9,2,25.123815
-0.9,4,25.168253
-1.1,2,25.195357
-1.0,1,25.215398
-0.9,6,25.284694
-1.0,1,25.304899
-1.0,1,25.324766
1.0,7,25.404877
-0.9,2,25.434553
-1.0,3,25.474557
-1.0,1,25.494403
-1.1,2,25.523704
-0.9,2,25.558418
-1.0,1,25.579798
-1.0,3,25.620699
-1.0,1,25.634891
-1.0,1,25.655215
-1.0,3,25.694224
1.0,1,25.71078
-1.1,2,25.73904
-1.0,1,25.760286
-1.1,4,25.819944
-1.0,1,25.839517
-1.1,2,25.869925
-1.0,1,25.889414
-1.0,1,25.908144
-1.0,1,25.928884
-1.0,1,25.943421
-1.1,2,25.980175
-1.0,1,26.000349
-1.1,2,26.029639
-1.0,1,26.048706
-1.0,1,26.064169
-1.2,3,26.105702
-1.1,2,26.133688
-1.0,3,26.170531
-1.0,1,26.188744
-1.0,1,26.204175
-1.0,1,26.223763
-0.9,2,26.254789
-1.0,1,26.274355
-1.0,1,26.2942
-1.3,4,26.344855
-1.0,1,26.369784
-1.1,2,26.405119
-1.1,2,26.435322
-1.0,1,26.453849
-1.0,1,26.474621
-1.0,1,26.495496
-0.9,6,26.565694
-0.9,2,26.605324
-1.1,2,26.642992
-1.1,2,26.681037
-1.1,2,26.72041
-1.1,2,26.751674
-1.0,1,26.774526
-1.1,2,26.807061
-1.0,1,26.82746
-1.1,2,26.856552
-1.1,2,26.895525
-1.0,1,26.920227
-0.9,4,26.981368
-0.9,2,27.020949
-1.0,1,27.045703
-0.8,5,27.127841
-1.0,3,27.181375
-1.0,1,27.201087
-1.0,3,27.246714
-1.0,1,27.266796
-1.0,1,27.285793
-1.1,2,27.320385
-1.0,1,27.343363
-1.0,3,27.404568
-1.0,1,27.431878
-1.1,4,27.497868
-1.1,2,27.529921
-1.2,3,27.582156
-1.1,2,27.616627
-1.1,4,27.680929
-1.0,1,27.70977
-0.8,3,27.766009
-1.0,5,27.846714
-1.0,1,27.871593
-1.0,1,27.89437
-1.0,1,27.917704
-1.0,1,27.941317
-1.0,1,27.968178
-1.0,3,28.015941
-1.0,3,28.058687
-1.4,5,28.13453
-1.0,1,28.154215
-1.0,1,28.179333
-1.0,1,28.200522
-1.0,3,28.244801
-1.0,1,28.26629
-1.0,3,28.315981
-0.9,2,28.352421
-1.0,3,28.396002
-0.9,2,28.430222
-0.9,2,28.470722
-1.0,1,28.489549
-1.2,3,28.537831
-1.1,2,28.569896
