#{"t_start": 1747666913.5218923, "env_id": "None"}
r,l,t
-1.0,1,7.594318
-1.0,1,7.617172
-1.0,1,7.650005
-1.1,4,7.70245
-1.0,1,7.723648
-0.8,5,7.786478
-1.4,5,7.851647
-1.0,1,7.873263
-1.1,2,7.90671
-1.0,1,7.928082
-1.1,2,7.956821
-1.2,3,7.996509
-1.0,1,8.012709
-1.1,2,8.047661
-0.8,5,8.107558
-0.9,2,8.150305
-0.9,2,8.176549
-1.0,1,8.198671
-1.0,1,8.217261
-1.1,2,8.252031
-0.8,5,8.322835
-0.9,4,8.377667
-1.1,2,8.409095
-1.1,2,8.438777
-1.0,1,8.458068
-1.0,1,8.476601
-1.0,1,8.492775
-1.0,1,8.512997
-1.2,3,8.551482
-1.0,1,8.572981
-1.0,1,8.591288
-1.1,2,8.617461
-1.0,1,8.637275
-1.0,1,8.654039
-0.9,6,8.727831
-1.0,1,8.746407
-1.0,1,8.767174
-0.8,3,8.813859
-1.4,7,8.901978
-1.0,1,8.922671
-1.0,1,8.943071
-0.8,3,8.986435
-0.9,2,9.016672
-1.1,2,9.043111
-1.0,1,9.062125
-1.0,3,9.102361
-1.0,1,9.123118
-1.1,2,9.152064
-1.0,1,9.16682
-1.0,1,9.187284
-1.0,1,9.201458
-1.0,1,9.223917
-1.0,1,9.241536
-1.0,1,9.256827
-1.0,1,9.277156
-1.0,1,9.293215
-1.0,1,9.313448
-1.1,2,9.342721
-1.0,1,9.356819
-1.0,1,9.377956
-1.0,3,9.41724
-1.0,1,9.438277
-1.3,6,9.513071
-1.0,1,9.532574
-1.2,3,9.582009
-1.0,1,9.597295
-1.0,1,9.616531
-1.0,1,9.631833
-1.0,1,9.648187
-1.0,1,9.668348
-1.0,3,9.717512
-1.0,1,9.738017
-1.1,2,9.767789
-1.0,1,9.787075
1.0,1,9.810738
-1.0,1,9.827192
-1.0,1,9.8463
-1.0,1,9.862529
-1.0,1,9.876745
-1.0,1,9.896407
-1.0,1,9.912782
-1.0,3,9.958709
-1.0,1,9.976338
-1.0,1,9.99787
-1.0,1,10.017035
-1.0,1,10.036796
-0.9,6,10.117684
-1.0,1,10.136323
-1.0,1,10.152956
-1.0,1,10.172573
-1.1,2,10.207411
-1.0,1,10.227192
-1.0,1,10.247161
-1.0,1,10.266712
-1.0,1,10.286819
-1.0,1,10.308105
-1.0,1,10.326459
-1.0,1,10.346679
-1.1,4,10.397861
-0.9,2,10.427175
-1.1,2,10.458134
-1.0,1,10.477062
-1.0,1,10.495882
-1.0,1,10.51204
-1.0,1,10.53306
-1.1,2,10.563376
-1.0,1,10.582534
-1.0,1,10.602005
-1.0,1,10.622397
-0.9,2,10.65254
-1.1,2,10.682792
-1.0,1,10.698845
-1.0,1,10.722298
-0.9,4,10.773342
-1.0,1,10.791525
-1.1,2,10.822919
-1.0,1,10.847267
-1.0,1,10.862052
-0.8,3,10.900976
-1.1,4,10.952036
-1.0,1,10.971838
-1.0,1,10.992206
-1.0,1,11.01137
-1.0,1,11.032375
-1.0,1,11.052057
-0.9,2,11.077179
-1.0,1,11.0965
-0.9,2,11.122581
-1.0,1,11.147885
-1.0,1,11.168231
-1.0,1,11.187627
-0.9,2,11.216903
-1.0,1,11.23742
-1.4,5,11.292616
-1.0,1,11.312333
-1.0,1,11.327591
-0.9,2,11.362016
-1.0,1,11.378082
-1.4,5,11.436073
-1.0,3,11.47757
-1.0,1,11.497455
-1.0,1,11.518573
-1.0,1,11.538156
-1.0,1,11.557152
-1.0,1,11.58138
-1.0,3,11.618425
-1.0,1,11.637033
-1.1,4,11.687513
-1.0,1,11.707935
-1.0,1,11.727713
-1.0,5,11.794374
-1.1,2,11.827744
-1.0,3,11.868293
-1.1,2,11.897427
-0.9,2,11.927913
-1.1,2,11.957027
-0.9,2,11.987614
-1.0,3,12.031636
-1.0,1,12.046833
-0.9,2,12.072957
-0.9,4,12.121927
-1.0,1,12.14258
-1.0,1,12.16327
-1.0,1,12.183493
-0.7,6,12.252811
0.9,2,12.28227
-1.0,1,12.302102
-1.0,1,12.322269
-0.9,2,12.352124
-1.0,1,12.368423
-1.0,1,12.386842
-1.1,2,12.418205
-1.1,2,12.453109
-1.0,1,12.47275
-1.0,1,12.492099
-1.0,3,12.537255
-1.0,7,12.626148
-0.9,2,12.650299
-1.1,2,12.683024
-1.0,1,12.697537
-1.0,1,12.718466
-0.9,2,12.74898
-1.0,1,12.769056
-0.9,2,12.802467
-1.0,1,12.82408
-1.0,1,12.841718
-1.3,4,12.897015
-1.0,1,12.917197
-1.1,2,12.953305
-1.0,1,12.972726
-0.9,2,13.00701
-1.0,1,13.026557
-1.0,1,13.047278
-1.0,1,13.066483
-1.0,1,13.082603
-1.0,1,13.10221
-0.8,5,13.162215
-1.0,1,13.182662
-1.1,4,13.246954
-1.0,1,13.26661
-0.9,4,13.317191
-1.0,1,13.338005
-1.2,9,13.436735
-1.0,1,13.452719
-1.0,1,13.4705
-1.0,1,13.487125
-1.0,1,13.502227
-1.0,1,13.522309
-1.0,1,13.538113
-1.0,1,13.55742
-1.1,2,13.588804
-1.0,1,13.607065
-1.1,2,13.63309
-1.0,3,13.677581
-1.0,1,13.697218
-1.1,2,13.727269
-1.0,7,13.807042
-1.0,3,13.842331
-1.0,1,13.863104
-1.1,2,13.886467
-1.0,1,13.906853
-1.1,2,13.938092
-1.0,1,13.952232
-0.9,2,13.982817
-1.0,1,14.00295
-1.2,3,14.05225
-1.0,1,14.071347
-1.0,1,14.08743
-1.0,1,14.107607
-1.0,1,14.127712
-1.0,1,14.148238
-1.0,1,14.167353
-1.1,2,14.201332
-1.2,3,14.242246
-1.0,1,14.263506
-1.1,2,14.298422
-1.0,1,14.317851
-0.9,2,14.34576
-1.1,4,14.391533
-1.1,2,14.418792
-1.0,1,14.438242
-1.0,1,14.457898
-1.0,1,14.476552
-0.9,2,14.507773
-0.9,2,14.532606
-1.0,3,14.577595
-1.0,3,14.623543
-1.2,3,14.662593
-0.8,3,14.703185
-1.0,1,14.722063
-1.1,2,14.752121
-1.0,1,14.771416
-1.0,1,14.793874
-1.0,1,14.81297
-1.0,3,14.857206
-0.9,2,14.88144
-1.2,7,14.974132
-1.0,1,14.992457
-1.0,1,15.00752
-1.1,2,15.037318
-1.0,3,15.082073
1.0,1,15.102246
-1.0,3,15.142224
-1.1,2,15.173002
-1.0,3,15.219191
-1.0,1,15.238648
-1.0,1,15.258017
-1.0,1,15.271824
-1.2,3,15.311889
-1.0,1,15.331035
-1.0,1,15.347557
-1.0,1,15.367385
-1.0,1,15.387086
-0.9,2,15.417751
-1.1,2,15.452732
-1.1,2,15.481774
-1.1,2,15.513061
-0.7,6,15.592117
-1.1,2,15.617104
-1.0,1,15.633294
-1.0,1,15.65237
-0.9,2,15.678715
-1.0,1,15.695943
-0.9,2,15.722282
-1.0,1,15.737108
-1.0,1,15.758312
-1.0,3,15.797929
-0.8,5,15.857598
-1.0,1,15.877873
-1.2,3,15.91152
-1.1,2,15.946218
-1.0,1,15.966568
-0.8,3,16.006723
-1.1,2,16.031857
-1.1,2,16.062307
-1.0,1,16.082358
-0.8,3,16.123669
-1.1,4,16.176768
-1.0,1,16.198621
1.0,1,16.217771
-1.1,2,16.246802
-1.0,1,16.266029
-1.0,1,16.282422
-0.9,2,16.313341
-0.9,2,16.347569
-0.9,2,16.377039
-1.0,1,16.39788
-0.9,2,16.432647
-1.1,2,16.463016
-1.0,1,16.482395
-1.1,4,16.532334
-1.0,1,16.55279
-0.9,4,16.606352
-1.0,1,16.628909
-1.0,1,16.648422
-1.0,1,16.667823
-0.9,2,16.697978
-1.0,1,16.716897
-1.1,2,16.741549
-1.0,1,16.763193
-0.8,3,16.80208
-1.0,1,16.821895
-1.0,3,16.867488
-1.0,1,16.8817
-1.0,1,16.897356
1.1,2,16.928096
-1.2,3,16.966361
-1.0,1,16.988318
-1.0,1,17.007795
-0.9,4,17.057347
-1.1,2,17.086432
-1.0,1,17.102213
-1.0,1,17.118591
-1.0,1,17.139869
-0.9,2,17.166951
-0.8,3,17.207564
-1.0,1,17.228802
-1.3,6,17.313383
-1.0,1,17.333695
-0.9,2,17.372297
-1.0,1,17.39301
-1.0,1,17.411437
-1.1,6,17.502698
-1.0,1,17.523144
-1.0,5,17.592637
-1.0,1,17.612835
-0.9,2,17.648055
-1.1,2,17.67698
-1.0,1,17.699777
-1.0,1,17.723253
-1.1,2,17.750904
-1.2,5,17.813157
-1.0,1,17.833368
-0.9,2,17.863296
-0.9,2,17.900132
-1.0,1,17.91898
-0.9,2,17.959897
-1.0,1,17.979341
-0.9,2,18.013108
-1.1,4,18.072523
-0.9,2,18.10245
-0.8,3,18.147449
-1.0,1,18.17304
-1.0,1,18.193187
-1.2,3,18.228496
-1.0,1,18.246764
-1.0,3,18.281836
-1.0,1,18.29882
-1.0,1,18.321038
-1.0,1,18.341435
-1.0,1,18.357371
-1.0,1,18.372473
-1.0,1,18.390871
-1.0,1,18.406391
-1.0,1,18.422645
-1.2,5,18.476202
-1.0,1,18.493257
-1.0,1,18.512497
-1.0,3,18.551615
-1.0,1,18.571795
-1.1,2,18.603337
-1.0,1,18.617424
-1.1,2,18.647674
-0.9,2,18.677351
-1.1,2,18.707277
-1.0,1,18.727893
-1.1,4,18.787056
-0.9,2,18.828602
-0.9,2,18.858007
-0.8,3,18.914598
-1.0,3,18.963265
-0.9,2,18.997421
-0.9,4,19.066776
-0.9,2,19.096037
-1.0,1,19.1218
-1.0,1,19.143146
-1.0,1,19.172085
-1.0,1,19.192721
-1.1,2,19.227634
-1.0,1,19.248871
-1.1,2,19.287169
-1.0,1,19.307811
-1.0,1,19.327932
-0.9,4,19.393229
-1.1,2,19.427441
-1.0,1,19.44909
-1.0,1,19.472728
-1.0,1,19.497905
-1.0,1,19.523555
-1.1,2,19.558392
-1.0,1,19.57754
-1.0,3,19.624868
-1.0,3,19.678651
-1.0,1,19.698822
-1.0,1,19.719487
-1.0,1,19.742645
-1.1,2,19.779382
-1.0,1,19.798472
-1.0,1,19.818134
-1.0,1,19.837788
1.0,1,19.862477
-1.0,1,19.887672
-1.0,1,19.907763
-1.1,4,19.972232
-1.1,4,20.037562
-1.0,1,20.062276
-1.0,3,20.117649
-0.9,2,20.152354
-1.0,1,20.188804
-1.0,1,20.213006
-1.0,1,20.232714
-1.0,1,20.257905
-1.0,1,20.278534
-0.9,2,20.318843
-1.0,1,20.344542
-0.9,4,20.408478
-1.1,2,20.443774
-1.0,1,20.46442
1.1,2,20.499281
-0.9,2,20.532439
-1.1,2,20.570764
-1.0,1,20.588365
-1.0,1,20.609995
-1.0,1,20.633153
-1.2,5,20.716888
-1.0,5,20.792946
-1.0,1,20.81408
-1.0,1,20.837246
-1.0,1,20.857937
-1.0,1,20.879592
-0.9,2,20.91732
-1.0,1,20.939423
-1.1,2,20.974683
-1.0,1,20.993304
-1.1,2,21.028048
-1.0,1,21.04876
-1.0,1,21.070914
-1.0,1,21.088114
-1.0,1,21.108236
-1.0,1,21.128367
-1.0,3,21.178167
-1.0,1,21.208356
-0.9,2,21.243155
-1.0,1,21.263841
-1.0,1,21.289486
-1.0,1,21.313733
-0.9,2,21.348535
-1.0,1,21.366735
-1.0,1,21.393881
-1.0,1,21.418964
-1.0,1,21.442641
-1.1,2,21.477889
-1.0,3,21.534314
-1.0,1,21.557541
-0.9,2,21.599368
-1.1,2,21.637636
-1.0,1,21.666322
-1.0,1,21.691982
-1.1,2,21.732739
-1.1,2,21.775077
-1.0,1,21.793671
-1.1,2,21.827163
-1.0,1,21.843751
-1.0,1,21.862361
-1.0,1,21.884444
-1.0,1,21.902521
-1.0,1,21.922597
-1.2,3,21.966552
-1.4,5,22.03713
-1.0,1,22.064827
-1.0,1,22.083651
-1.1,2,22.122644
-1.1,2,22.152929
-1.0,3,22.197199
-1.0,1,22.222483
-1.0,1,22.242555
-1.0,1,22.363902
-1.1,4,22.421848
-1.0,1,22.441469
-1.1,2,22.473243
-1.0,1,22.491342
-1.0,1,22.511414
-1.1,2,22.538137
-1.0,1,22.556572
-1.0,1,22.572668
-1.1,2,22.602327
-1.0,1,22.621978
-1.0,1,22.641265
-1.0,1,22.656363
-1.0,1,22.67195
-0.8,3,22.716954
-0.9,2,22.747554
-1.0,1,22.768366
-1.0,1,22.787588
-0.9,2,22.828099
-1.0,1,22.846389
-1.0,1,22.866525
-1.0,1,22.88673
-1.0,1,22.903808
-1.0,1,22.922084
-1.0,3,22.966632
-1.0,1,22.986925
-1.1,2,23.017931
-1.1,2,23.047047
-1.0,1,23.067465
-1.0,5,23.127928
-1.0,3,23.172157
-0.9,2,23.202928
-1.0,1,23.227128
-1.0,3,23.27732
-1.0,3,23.322773
-1.0,1,23.342733
-1.0,1,23.362332
-1.1,4,23.411689
-1.2,3,23.456106
-1.1,2,23.481644
-0.9,2,23.511953
-1.1,2,23.546694
-1.0,3,23.582262
-1.0,1,23.597166
-1.2,3,23.642334
-1.0,1,23.662926
-1.0,1,23.678151
-1.0,1,23.696725
-1.0,1,23.712341
-1.1,2,23.742081
-1.0,1,23.761626
-1.0,3,23.80712
-1.4,5,23.875484
-1.0,1,23.898198
-1.0,1,23.919483
-1.0,1,23.943374
-1.0,1,23.961641
-1.3,10,24.088099
-1.0,1,24.10832
-1.2,3,24.147012
-1.1,2,24.177369
-0.9,2,24.206184
-1.0,3,24.247301
-1.0,1,24.263456
-0.9,2,24.297077
-1.0,1,24.317316
-1.1,2,24.346959
-1.0,1,24.368013
-1.0,1,24.386739
-1.0,1,24.411964
-1.0,1,24.432882
-1.3,4,24.481519
-1.1,4,24.532105
-0.9,2,24.561685
-1.0,1,24.583158
-1.0,1,24.596859
-1.0,3,24.641844
-1.1,2,24.672459
-1.1,2,24.698421
-1.0,1,24.71834
-1.0,1,24.737427
-0.9,2,24.761647
-0.9,2,24.796514
-0.9,2,24.821058
1.0,3,24.856971
-1.2,3,24.900787
-1.0,1,24.91735
-1.1,2,24.946897
-1.0,1,24.97039
-1.0,1,24.991742
-1.0,3,25.032893
-0.9,2,25.061954
-1.0,1,25.082726
-0.9,2,25.111644
-1.0,1,25.133466
-1.1,2,25.163239
-1.0,1,25.191029
-1.0,1,25.206787
-1.1,8,25.30852
-1.0,7,25.395805
-0.9,2,25.428219
-1.0,1,25.446327
-1.2,3,25.48618
-1.0,1,25.502411
-1.0,1,25.523498
-1.0,1,25.542952
-1.1,8,25.652301
-1.2,3,25.692886
-1.0,1,25.708083
1.0,1,25.7277
-1.1,2,25.759233
-1.1,2,25.786436
-0.8,3,25.827823
-1.0,1,25.842049
-0.9,2,25.872785
-0.9,2,25.902879
-1.0,1,25.922014
-1.1,2,25.951808
-1.0,1,25.973303
-1.0,1,25.992448
-1.0,1,26.013639
-1.1,2,26.043482
-1.1,2,26.072435
-0.9,2,26.107856
-1.0,1,26.127956
-1.0,1,26.148592
1.0,1,26.167267
-1.1,2,26.201174
-1.0,1,26.221373
-1.0,1,26.237385
-1.0,1,26.257591
-1.0,1,26.282875
-1.0,3,26.333326
-0.9,2,26.360941
-1.0,1,26.377047
-1.0,1,26.396294
-1.1,2,26.423626
-1.0,1,26.445752
-1.0,1,26.468
-0.9,2,26.496316
-1.0,1,26.522592
-1.0,1,26.541334
-1.0,1,26.56233
-1.0,1,26.583658
-0.9,4,26.637501
-1.0,1,26.65331
-1.2,3,26.696981
-0.9,2,26.727507
-0.9,2,26.752195
1.1,2,26.782365
-0.9,6,26.862227
-1.0,1,26.882341
-1.0,1,26.904346
-1.2,3,26.947701
-1.0,1,26.964373
-0.8,3,27.006973
-1.0,1,27.028464
-1.0,1,27.052
-1.0,1,27.071393
-1.0,1,27.093656
-1.0,1,27.112102
-0.7,4,27.167378
-1.0,3,27.206342
-1.0,1,27.22744
-1.0,1,27.243011
-1.0,1,27.257258
-1.0,1,27.278377
-1.0,1,27.298113
-0.9,2,27.332889
-1.0,1,27.352714
-1.1,2,27.382945
-1.0,1,27.402871
-1.1,4,27.456297
-1.0,1,27.477327
-1.0,3,27.517549
-1.0,1,27.532126
-1.0,1,27.552047
-0.9,4,27.603323
-1.0,1,27.62343
-1.0,1,27.642035
-1.0,1,27.663214
-1.1,2,27.70203
-1.2,3,27.746627
1.0,1,27.76249
-0.9,2,27.792676
-1.1,2,27.822327
-1.1,4,27.872905
-1.2,3,27.912751
-1.0,1,27.942196
-1.0,1,27.962572
-0.9,2,27.992787
-1.0,1,28.017063
-1.0,5,28.0776
1.0,1,28.097709
-1.1,2,28.123073
-0.8,3,28.168806
-1.2,3,28.213249
-1.1,2,28.241457
-1.0,3,28.277216
-1.2,5,28.341984
-1.1,4,28.401641
-1.0,1,28.417753
-1.0,1,28.436504
-1.0,1,28.45298
-0.9,2,28.482712
-1.0,1,28.502799
-1.0,1,28.516378
-1.0,1,28.537539
-0.9,2,28.566743
-1.0,1,28.581472
-1.1,2,28.60717
-0.9,2,28.637215
-1.0,1,28.657709
-1.0,1,28.676817
-0.9,2,28.707727
-1.1,2,28.743326
-0.9,2,28.771315
-0.9,2,28.801758
-1.0,1,28.817293
-1.1,2,28.849248
-1.0,1,28.867463
-1.0,3,28.907353
-1.1,8,29.001103
-1.1,4,29.045982
-1.0,1,29.066849
-1.2,3,29.107552
-1.0,1,29.126397
-1.1,2,29.151808
-1.0,3,29.192957
-1.1,4,29.246072
-1.0,1,29.268689
-1.0,1,29.286775
1.1,4,29.336805
-1.0,1,29.356514
-1.0,3,29.397345
-1.0,1,29.418443
-0.9,2,29.446734
-1.0,1,29.467836
-1.1,2,29.492456
-1.2,5,29.561852
-1.0,1,29.57711
-0.9,2,29.606163
-1.2,3,29.64724
-1.2,3,29.681387
-1.0,1,29.697711
-1.0,1,29.717307
-1.0,1,29.736727
-1.0,1,29.752372
-1.0,1,29.771013
-1.0,1,29.78678
-1.0,1,29.810048
-0.9,2,29.841653
-1.0,1,29.862218
-0.9,2,29.887331
-1.0,1,29.90679
-1.0,1,29.925917
-1.0,1,29.942818
-1.0,1,29.961389
-1.0,1,29.982491
-1.4,9,30.08284
-0.9,2,30.112725
-1.0,1,30.137481
-1.1,2,30.168126
-1.0,1,30.187231
-1.0,1,30.207144
-1.0,3,30.248019
-1.2,3,30.287582
-1.0,1,30.307557
-1.0,1,30.321908
-1.1,4,30.377429
-1.0,1,30.396206
-0.9,2,30.428381
-1.0,1,30.447544
-1.0,1,30.463558
-1.0,1,30.482304
-1.1,4,30.538306
-1.0,1,30.556888
-1.0,1,30.57735
-1.0,1,30.597904
-1.0,1,30.617127
-1.0,1,30.636511
-1.1,4,30.687971
-1.0,1,30.706425
-1.0,3,30.755269
-1.0,1,30.771274
-1.0,1,30.787488
-1.0,1,30.80786
-1.0,1,30.826443
-1.0,1,30.84416
-1.0,1,30.861416
-1.0,1,30.877773
-1.1,4,30.926769
-1.0,1,30.947462
-1.0,1,30.961519
-1.1,2,30.998729
-1.2,5,31.061612
-1.0,1,31.092243
-1.0,1,31.111832
-1.0,1,31.127822
-0.9,2,31.152592
-1.0,1,31.167314
-1.1,4,31.216498
-1.0,1,31.233318
-1.0,1,31.253716
-1.0,3,31.292597
-1.0,1,31.306674
-1.1,2,31.33672
-0.9,2,31.361617
-1.0,1,31.377011
-0.9,4,31.426862
-0.9,2,31.456062
-1.1,2,31.48755
-0.9,2,31.517538
-1.1,2,31.543936
-1.0,1,31.562563
-1.1,2,31.597243
-1.5,8,31.697575
-1.1,2,31.732439
-1.0,1,31.752052
-1.0,1,31.767126
-1.0,3,31.806457
-1.1,2,31.832982
-1.0,1,31.852065
-1.0,1,31.867178
-1.0,1,31.886329
-0.9,2,31.914131
-1.0,3,31.952291
-0.9,2,31.977957
-1.0,1,31.997634
-1.2,3,32.031691
-1.0,1,32.052727
-1.0,3,32.092474
-1.2,3,32.132878
-1.1,2,32.162323
-1.0,1,32.18306
-0.9,2,32.211621
-1.0,1,32.232844
-1.1,4,32.282007
-0.9,4,32.336372
-1.0,1,32.35109
-1.0,1,32.367323
-1.0,1,32.387756
-1.1,2,32.41765
-1.1,2,32.44779
-1.0,1,32.468203
-1.0,1,32.487269
-1.1,2,32.51752
-1.0,1,32.536905
-1.1,2,32.567921
-1.0,1,32.586987
-1.1,2,32.613387
-1.0,1,32.636219
-0.9,2,32.677517
-1.0,1,32.697266
-1.0,1,32.716336
-0.9,2,32.747033
-1.0,3,32.790998
-1.0,1,32.811207
-0.9,2,32.842441
-1.0,1,32.862193
-1.1,2,32.904588
-1.2,3,32.958191
-1.1,2,32.994165
-1.0,1,33.013031
-1.0,1,33.033279
-1.0,1,33.052443
-1.0,1,33.077665
-0.9,2,33.113132
-1.0,1,33.133077
-1.0,1,33.152678
-1.0,1,33.173511
-1.0,1,33.194299
-1.0,1,33.218551
-1.0,3,33.272983
-1.0,1,33.299428
-1.2,3,33.346806
-0.9,2,33.377904
-1.0,1,33.397627
-1.0,1,33.416537
-1.1,2,33.447372
-0.9,6,33.547448
-1.1,4,33.612473
-1.1,2,33.642437
-1.1,2,33.672891
-1.1,2,33.70274
-1.0,1,33.716974
-1.1,2,33.743627
-1.2,3,33.783612
-1.0,1,33.806464
-1.0,1,33.828779
-1.0,1,33.84827
-1.1,2,33.882793
-1.0,1,33.910812
-1.1,2,33.948792
-1.0,1,33.972675
-1.1,2,34.001694
-1.0,1,34.021868
-1.1,2,34.051742
-1.0,1,34.066602
-1.2,5,34.127302
-1.2,3,34.167998
-0.9,2,34.1992
-1.1,4,34.26475
-1.0,3,34.313133
-0.9,2,34.353618
-1.1,2,34.388905
-1.0,1,34.408075
-1.0,1,34.427682
-1.2,3,34.48161
-1.1,2,34.517312
-1.0,1,34.538939
-1.1,2,34.573332
-1.0,1,34.592446
-1.1,2,34.631626
-1.0,1,34.653877
-1.1,2,34.693192
-1.0,1,34.712822
-1.1,2,34.750484
-1.1,2,34.783576
-1.2,3,34.838303
-1.1,2,34.873293
-1.0,1,34.892908
-1.0,1,34.912693
-0.9,2,34.952685
-1.0,1,34.978479
-0.8,3,35.027642
-1.0,1,35.053422
-1.0,1,35.073864
-1.3,4,35.137983
-1.1,2,35.172986
-1.0,3,35.223693
-1.0,1,35.243271
-1.2,3,35.288194
-1.0,1,35.308291
-1.0,1,35.328046
-1.0,1,35.353777
-1.0,1,35.373886
-1.0,1,35.396549
-1.0,1,35.418206
-1.0,1,35.438194
-1.1,4,35.501634
-1.2,3,35.548483
-1.0,1,35.571673
-1.1,2,35.608433
-1.1,2,35.641151
-1.0,1,35.657703
-0.9,4,35.707113
-0.8,3,35.75728
-1.0,1,35.778923
-1.3,4,35.841648
-1.0,1,35.863137
-0.9,2,35.899395
-0.9,2,35.92848
-1.0,1,35.952013
-1.0,1,35.973648
-0.9,2,36.013586
-0.9,2,36.042961
-1.5,8,36.153218
-1.0,1,36.172536
-1.1,2,36.208136
-1.2,3,36.253156
-1.0,1,36.279016
-1.0,1,36.297898
-1.0,1,36.319044
-1.0,1,36.342297
-0.9,2,36.377713
-1.2,3,36.433696
-1.0,1,36.453349
-0.6,5,36.527261
-1.0,1,36.547549
-1.0,1,36.567993
-1.1,2,36.598579
-1.0,1,36.617245
-0.9,2,36.65747
-0.9,2,36.68886
-0.8,3,36.73238
-1.0,3,36.777932
-1.1,2,36.813143
-1.1,2,36.847072
-1.0,1,36.86735
-0.9,2,36.902762
-1.1,2,36.93297
-1.0,1,36.953571
-0.9,2,36.983798
-1.0,3,37.027347
-1.0,1,37.047897
-1.0,1,37.07305
-1.0,1,37.092825
-0.9,2,37.133042
-1.0,1,37.15218
-1.0,1,37.173827
-1.0,3,37.216142
-1.0,1,37.236747
-1.0,1,37.257518
-1.0,1,37.283562
-1.0,1,37.302298
-1.0,1,37.322887
-1.0,3,37.372411
-1.0,1,37.392599
-1.1,2,37.432492
-1.0,1,37.457129
-1.1,4,37.507962
-1.1,2,37.543216
-1.0,1,37.569823
-1.0,1,37.586961
-0.9,2,37.622231
-0.9,2,37.65363
-1.0,1,37.673006
-1.0,1,37.692451
-1.0,1,37.713566
-0.9,2,37.747425
-1.1,2,37.78331
-1.0,1,37.803014
-1.0,1,37.822755
-0.9,4,37.882879
-1.0,1,37.902534
-1.3,6,37.987706
-1.0,1,38.00792
-0.8,3,38.04811
-1.0,1,38.073788
-1.1,2,38.111774
-1.1,2,38.153153
-1.0,1,38.172266
-1.0,3,38.217078
-0.9,2,38.248133
-1.0,1,38.268656
-1.1,2,38.304183
-1.0,1,38.32228
-1.0,1,38.347596
-0.9,2,38.382529
-1.0,1,38.403805
-1.0,1,38.424086
-0.9,2,38.460519
-1.1,2,38.494414
-1.0,1,38.512592
-1.0,1,38.530751
-1.0,1,38.559454
-1.1,2,38.5979
-1.0,1,38.623243
-1.0,1,38.643382
-1.1,2,38.672187
-1.1,2,38.70335
-0.9,2,38.736967
-1.0,3,38.778083
-1.0,1,38.79743
-1.1,2,38.827579
-1.0,1,38.848113
-1.0,1,38.873154
-1.0,1,38.893749
-0.9,2,38.926733
-1.1,4,38.978247
1.2,3,39.022547
-0.9,2,39.052645
-1.2,3,39.09703
-1.0,1,39.117022
-1.0,1,39.142424
-1.0,1,39.161034
-1.0,1,39.176994
-1.0,1,39.197296
-1.1,2,39.228452
-1.0,1,39.248449
-1.0,7,39.337786
-1.1,2,39.368025
-1.0,1,39.387266
-1.0,1,39.407439
-1.0,1,39.427385
-1.1,2,39.462873
-1.0,1,39.483086
-0.9,2,39.517927
-1.0,1,39.538027
-0.9,2,39.567835
-1.3,4,39.616906
-1.0,1,39.636699
-1.0,1,39.652058
-0.9,2,39.683081
-1.0,1,39.701155
-1.0,3,39.747102
-1.0,1,39.768507
-1.2,5,39.82664
-1.0,5,39.881976
-1.0,3,39.922604
-1.0,1,39.94218
-1.1,2,39.971933
-1.0,1,39.98806
-1.0,1,40.007648
-1.3,4,40.068084
-1.1,2,40.097942
-1.0,1,40.111785
-1.0,1,40.132555
-0.9,2,40.167779
-1.0,1,40.187068
-0.9,4,40.243364
-0.9,4,40.296309
-1.1,2,40.321755
-1.0,1,40.342332
-0.8,3,40.378337
-1.0,3,40.422096
-1.1,2,40.458861
-1.1,6,40.538082
-0.8,3,40.586481
