#{"t_start": 1747666783.286366, "env_id": "None"}
r,l,t
-1.0,1,12.945905
-1.0,1,12.972159
-1.0,1,13.000413
-1.0,1,13.021586
-1.0,1,13.038286
-1.0,1,13.057897
-1.1,4,13.123225
-0.9,2,13.152564
-0.9,4,13.196918
-1.0,1,13.21812
-1.2,3,13.263002
-1.0,1,13.282329
-1.0,1,13.301384
-1.0,1,13.316968
-1.0,1,13.337853
-1.0,1,13.357292
-1.0,1,13.377397
-1.0,1,13.402517
-1.0,1,13.42267
1.0,1,13.450174
-1.0,1,13.466771
-0.9,2,13.498163
-1.1,4,13.552937
-1.0,1,13.572527
-1.1,2,13.612375
-0.9,4,13.677608
-1.0,1,13.696771
-0.8,3,13.733148
-1.2,3,13.775471
-1.3,4,13.827174
-1.0,1,13.8477
-0.8,7,13.937821
-1.0,1,13.956589
-1.0,1,13.972817
-1.1,2,14.002042
-1.0,1,14.022395
-1.0,1,14.037967
-0.9,2,14.062874
-1.0,1,14.082297
-1.0,1,14.102581
-1.1,2,14.132956
-1.0,1,14.153503
-1.1,2,14.188039
-1.1,4,14.253826
-1.0,1,14.279195
-1.0,1,14.303673
-1.0,1,14.326786
-1.0,1,14.347523
-1.0,1,14.374126
-1.2,3,14.417975
-0.9,2,14.457763
-1.1,2,14.493071
-0.9,2,14.53436
-1.0,1,14.554267
-1.0,1,14.5779
-1.0,1,14.599566
-1.0,1,14.618169
-1.0,1,14.637337
-1.0,3,14.704851
-1.0,3,14.754233
-1.0,1,14.778407
-1.0,1,14.803648
-0.9,2,14.838359
-0.8,5,14.915682
-0.9,2,14.953969
-1.0,1,14.977652
-1.0,1,15.004834
-1.0,1,15.033566
-0.8,3,15.079349
-0.8,3,15.142269
-1.0,1,15.167983
-1.0,1,15.19371
-1.0,1,15.2149
-1.0,3,15.2645
-1.1,2,15.293743
-1.0,1,15.31577
-1.0,3,15.374106
-1.0,1,15.399331
-0.9,2,15.433616
-1.1,4,15.497581
1.0,1,15.517224
-1.0,3,15.569817
-0.9,2,15.612723
-1.0,1,15.638373
-0.6,5,15.737715
-1.0,1,15.76392
-0.9,2,15.799612
-1.0,1,15.819262
-1.0,1,15.944629
-1.0,1,15.964326
-1.0,3,16.014297
-1.0,1,16.039135
-1.0,1,16.065331
-0.9,2,16.095564
-1.0,1,16.112651
-1.1,2,16.156039
-1.1,2,16.194829
-0.9,2,16.227678
-1.0,1,16.25338
-0.9,2,16.294201
-1.0,1,16.31437
-0.9,4,16.378325
-1.0,1,16.414056
-1.0,1,16.435224
-0.9,2,16.468461
-1.1,2,16.499675
-1.0,3,16.543987
-0.9,2,16.578799
-1.0,1,16.602554
-1.1,2,16.641445
-1.0,1,16.673176
-1.0,1,16.700349
-1.1,2,16.732211
-0.9,2,16.767929
-1.0,1,16.788555
-1.0,1,16.809228
-1.1,2,16.849006
-1.0,1,16.87365
-0.9,2,16.909504
-1.0,1,16.93818
-0.9,2,16.973914
-1.0,1,16.99857
-1.0,1,17.020775
-1.0,1,17.038896
-1.0,1,17.058535
-1.1,2,17.094455
-1.0,1,17.118789
-0.8,3,17.180003
-0.9,2,17.20947
-1.1,2,17.242731
-1.1,2,17.271957
-0.9,2,17.30794
-1.1,2,17.336942
-1.0,1,17.357355
-1.1,4,17.412002
-1.0,1,17.436737
-1.0,1,17.457982
-1.0,1,17.480462
-0.9,4,17.534379
-0.8,3,17.578462
-0.9,2,17.612591
-1.1,2,17.647248
-1.0,1,17.667037
-1.0,1,17.688051
-1.0,1,17.702216
-1.0,1,17.723802
-1.0,1,17.742914
-1.0,3,17.78438
-1.0,3,17.828952
-0.9,4,17.891473
-1.0,1,17.914344
-1.0,1,17.932121
-1.0,1,17.953048
-1.1,2,17.983169
-1.0,1,17.997821
-1.1,2,18.027014
-1.0,1,18.043593
-1.1,2,18.078738
-1.0,1,18.096948
-1.0,1,18.122433
-1.0,1,18.142015
-1.0,1,18.158985
-1.0,1,18.177414
-1.0,1,18.194036
-1.0,1,18.213091
-1.1,2,18.243853
-1.0,1,18.26385
-1.0,1,18.282779
-1.0,1,18.297852
-1.1,2,18.322669
-1.0,1,18.342752
-1.0,1,18.357304
-1.0,3,18.402251
-1.0,1,18.423009
-1.0,1,18.442651
-1.0,1,18.456693
-0.9,2,18.488247
-1.1,4,18.537578
-1.1,2,18.572805
-1.1,2,18.601459
-1.0,1,18.622557
-1.0,3,18.667423
-1.0,1,18.688388
-1.0,1,18.706985
-1.1,4,18.75741
-1.0,1,18.777954
-1.0,1,18.798213
-1.0,1,18.81759
-1.0,1,18.8374
-1.1,2,18.86173
-1.0,1,18.886325
-1.0,3,18.926562
-1.0,1,18.942879
-1.1,2,18.968201
-1.0,1,18.987653
-1.0,3,19.027215
-1.1,2,19.057647
-1.0,1,19.075878
-1.1,2,19.101665
-1.0,1,19.123542
-1.0,1,19.145523
-1.1,2,19.177696
-0.9,2,19.213804
-1.0,1,19.232933
-1.1,2,19.267209
-1.1,4,19.321959
-1.1,4,19.372845
-1.0,1,19.393291
-1.1,2,19.423172
-1.0,1,19.44298
-1.0,3,19.48252
-1.1,4,19.527557
-0.9,2,19.558861
-1.0,7,19.642093
-0.9,2,19.678865
-1.1,2,19.707213
-1.0,1,19.721304
-1.0,1,19.736945
-1.1,4,19.792139
-1.0,1,19.812809
-1.0,1,19.832061
-1.1,6,19.912418
-1.0,1,19.932029
-1.1,2,19.961332
-1.0,1,19.978033
-0.9,2,20.007441
-1.0,1,20.023065
-0.9,2,20.052364
1.0,1,20.072566
-1.0,1,20.09293
-1.0,1,20.106535
-1.0,1,20.121179
-0.9,2,20.147058
-1.0,3,20.186361
-1.0,1,20.21247
-1.0,1,20.23247
-1.1,4,20.286865
-1.0,3,20.322794
-0.8,3,20.367738
-1.1,2,20.397054
-1.0,1,20.412821
-1.0,1,20.432195
-1.0,1,20.452512
-0.9,2,20.483446
-1.1,2,20.51691
-1.0,1,20.532176
-1.0,1,20.55366
-0.9,2,20.586942
-1.0,1,20.607417
-1.1,2,20.632614
-1.0,1,20.652266
-1.0,1,20.667851
-1.1,2,20.69724
-1.0,1,20.718528
-1.2,3,20.759068
-1.0,1,20.776379
-1.0,1,20.792423
-1.0,1,20.810588
-1.1,2,20.841546
-1.0,1,20.857707
-1.0,1,20.872485
-1.0,1,20.8931
-0.9,2,20.917652
-0.9,2,20.948497
-1.1,2,20.977302
-1.0,1,20.998636
-1.0,1,21.018187
-1.0,1,21.033301
-1.0,1,21.046875
-1.0,1,21.068705
-1.0,1,21.08772
-1.0,3,21.133082
-1.0,1,21.152779
-1.0,1,21.172894
-1.0,7,21.253266
-1.0,1,21.272399
-1.0,1,21.292123
-1.0,1,21.31231
-1.0,1,21.331461
-1.0,1,21.352864
-1.0,1,21.372533
-1.1,2,21.403792
-1.0,1,21.426226
-1.1,2,21.458341
-1.0,1,21.477472
-1.0,1,21.497688
-1.1,2,21.52784
-1.0,1,21.546526
-1.1,2,21.57714
-1.0,1,21.597423
-1.0,1,21.615977
-1.0,1,21.631791
-1.0,1,21.647428
-1.0,1,21.667523
-1.0,1,21.687183
-1.0,1,21.702722
-1.1,2,21.732842
-0.8,3,21.781416
-0.9,2,21.808983
-1.0,1,21.827094
-0.9,2,21.856726
-1.0,1,21.871828
-1.0,1,21.892604
-1.0,1,21.911757
-1.0,3,21.952408
-0.9,2,21.982167
-1.2,3,22.022664
-1.0,1,22.042057
-1.0,1,22.062671
-0.9,4,22.116951
-1.1,2,22.152201
-1.0,1,22.171809
-0.9,4,22.216818
-1.0,1,22.238075
-1.0,1,22.257418
-1.2,3,22.297536
-1.0,1,22.316805
-1.0,1,22.338491
-1.0,1,22.358021
-1.0,9,22.477417
-1.0,1,22.496946
-1.1,2,22.531942
-1.0,1,22.552377
-1.1,2,22.583724
-1.0,3,22.622528
-1.0,1,22.64227
-0.9,2,22.67244
-1.0,1,22.691848
-0.9,2,22.723372
-1.0,1,22.748117
-1.0,1,22.768992
-1.0,1,22.787022
-1.0,3,22.827312
-0.9,2,22.8581
-1.0,1,22.877831
-1.0,1,22.897023
-1.1,2,22.927783
-1.1,2,22.963774
-1.0,1,22.981434
-1.0,1,22.997235
-1.0,1,23.016353
-1.0,1,23.038479
-1.0,1,23.057045
-0.9,2,23.087417
-1.0,1,23.110641
-1.0,3,23.153267
-1.0,1,23.177987
-1.0,3,23.222292
-1.0,3,23.262112
-0.9,4,23.313167
-1.1,2,23.343089
-1.2,3,23.383761
-1.1,2,23.417929
-1.1,2,23.448034
-1.0,1,23.47583
-1.0,1,23.497357
-0.8,3,23.542493
-1.0,7,23.631837
-1.2,3,23.666432
-1.1,2,23.698039
-1.1,2,23.727454
-1.1,2,23.758888
-1.1,2,23.793107
-1.0,1,23.811915
-1.3,4,23.863534
1.0,1,23.883001
-1.0,1,23.903664
-1.1,2,23.931752
-1.0,1,23.951984
-1.1,2,23.981819
-1.0,1,24.002511
-0.9,2,24.026889
-1.0,1,24.046996
-1.2,3,24.088807
-1.0,1,24.106752
-1.0,1,24.127504
-0.9,2,24.1531
-1.0,1,24.17272
-1.1,2,24.202566
-1.0,1,24.217553
-1.0,1,24.237229
-1.1,2,24.26787
-1.0,1,24.287976
-0.8,3,24.328863
-1.0,1,24.347719
-0.9,2,24.378395
-0.9,2,24.412197
-1.1,4,24.468929
-1.0,3,24.509004
-1.0,1,24.529488
-1.0,1,24.548258
-1.0,3,24.597982
-1.1,2,24.627337
-1.1,2,24.657385
-1.0,1,24.672311
-0.9,2,24.70188
-1.0,1,24.722462
-1.0,1,24.742155
-1.0,1,24.757676
-0.8,3,24.796788
-0.9,2,24.823091
-1.0,1,24.837051
-1.0,3,24.876558
-0.8,5,24.942304
-1.1,2,24.973122
-1.2,3,25.012146
-1.1,2,25.038306
-1.0,1,25.056953
-1.0,1,25.076715
-1.1,2,25.106436
-1.1,2,25.132438
-0.9,2,25.15774
-0.9,2,25.18725
-1.1,2,25.211952
-1.0,5,25.275795
-1.0,1,25.297132
-1.0,1,25.317791
-1.0,1,25.338378
-1.0,1,25.357656
-1.0,3,25.391946
-1.0,1,25.407851
-1.2,3,25.447927
-1.0,1,25.467995
-1.0,1,25.481055
-0.8,3,25.517423
-1.0,1,25.537336
-1.0,1,25.551903
-1.0,1,25.566659
-1.0,1,25.587324
-1.0,1,25.606987
-1.0,1,25.626271
-1.0,3,25.672436
-1.0,1,25.699713
-1.0,1,25.718915
-1.0,1,25.737324
-1.0,3,25.77718
-0.8,5,25.838193
-1.0,1,25.862653
-1.0,1,25.882245
-1.1,2,25.913931
-0.9,2,25.942997
-0.9,2,25.973655
-1.0,1,25.992225
-1.0,1,26.013001
-1.0,1,26.028255
-1.0,1,26.047485
-1.2,3,26.09549
-1.0,1,26.117106
-0.9,2,26.153817
-1.0,1,26.171872
-1.1,2,26.202559
-1.2,3,26.246587
-1.0,1,26.2663
-1.0,1,26.283721
-1.0,1,26.30302
-1.2,3,26.342585
-0.9,2,26.371156
-1.0,1,26.388395
-0.9,4,26.431903
-1.0,3,26.477272
-1.1,2,26.512445
-1.1,4,26.561661
-1.2,3,26.604421
-1.0,1,26.622589
-1.2,3,26.666688
-1.0,1,26.687557
-1.0,1,26.707943
-1.0,1,26.727072
-1.0,1,26.748171
-1.0,1,26.767289
-0.9,4,26.817124
-1.0,1,26.83831
-1.4,7,26.929204
-1.2,5,26.987149
-1.0,1,27.007187
-1.0,1,27.02703
-1.0,3,27.062738
-0.9,2,27.096626
-1.1,2,27.126941
-1.2,3,27.167196
-1.0,1,27.182783
-1.0,1,27.202166
-0.9,2,27.23258
-1.0,1,27.252279
-1.0,1,27.267384
-1.1,2,27.298375
-1.0,1,27.317621
-1.1,2,27.347349
-0.9,2,27.372726
-0.9,4,27.432152
-1.0,3,27.472038
-1.2,3,27.512034
-1.0,1,27.532794
-0.9,2,27.567252
-1.0,1,27.582343
-1.0,1,27.602826
-1.1,2,27.636437
-1.1,2,27.663028
-1.0,1,27.681442
-1.0,1,27.702328
-0.9,2,27.73289
-1.0,1,27.748772
-1.0,3,27.783664
-1.0,1,27.798707
-1.1,2,27.830136
-1.1,4,27.887503
-1.1,2,27.918396
-1.0,3,27.957195
-0.9,2,27.983894
-1.0,1,28.002612
-0.9,4,28.048156
-1.0,1,28.068544
-1.0,1,28.088355
-0.9,2,28.117265
-0.9,2,28.147515
-1.1,2,28.178277
-1.0,1,28.196972
-1.0,1,28.21747
-0.8,3,28.261117
-1.0,1,28.282775
-0.8,3,28.327924
-1.0,1,28.341735
-1.0,1,28.359963
-1.0,1,28.374099
-1.0,1,28.392813
-1.0,1,28.412227
-0.9,2,28.447061
-1.5,6,28.516615
-1.0,1,28.53319
-0.9,2,28.557338
-1.2,3,28.59837
-1.0,1,28.612754
-1.0,1,28.631628
-1.0,1,28.651294
-0.9,2,28.686333
-1.0,1,28.707575
1.0,1,28.728554
-1.0,1,28.748209
-1.0,1,28.767052
-1.0,1,28.783348
-1.1,2,28.811468
-1.0,5,28.868241
-0.8,3,28.908862
-1.1,2,28.937786
-1.0,1,28.95844
-1.0,1,28.976583
-1.1,6,29.052142
-1.0,1,29.072578
-1.0,1,29.091569
1.1,2,29.12344
-0.9,2,29.15726
-1.1,2,29.188388
-1.0,3,29.243337
-1.0,1,29.267265
-1.0,1,29.292246
-1.3,4,29.362758
-1.0,1,29.383036
-1.0,1,29.403159
-1.0,1,29.422253
-1.1,2,29.447006
-1.0,1,29.468604
-1.0,1,29.493767
-0.6,5,29.573373
-1.0,1,29.598649
-1.0,1,29.621802
-1.0,1,29.642406
-1.0,1,29.667008
-0.9,2,29.70334
-1.0,1,29.724575
-0.9,2,29.76384
-1.1,2,29.79889
-1.0,1,29.818594
-1.0,1,29.846745
-0.9,4,29.918867
-1.1,2,29.962671
-1.0,1,29.986819
-1.1,2,30.027641
-1.1,2,30.0594
-1.0,1,30.089637
-1.0,1,30.114781
-1.0,1,30.13801
-1.1,2,30.173755
-1.1,2,30.218551
-1.1,2,30.254285
-1.1,2,30.295069
-1.0,1,30.318216
-1.0,1,30.344379
-1.0,1,30.369543
-1.0,1,30.392191
-1.0,1,30.422495
-1.1,2,30.45478
-1.0,1,30.479439
-1.0,1,30.499098
-1.1,2,30.532903
-1.0,1,30.559122
-1.0,3,30.604728
-1.0,3,30.658137
-1.0,1,30.684314
-0.9,2,30.721141
-1.1,2,30.757386
-1.0,1,30.780553
-1.0,1,30.79977
-1.0,1,30.820072
-1.0,1,30.842206
-0.9,2,30.877968
-1.0,1,30.899589
-1.0,1,30.923225
-1.0,1,30.947401
-1.0,1,30.969097
-0.9,4,31.042689
-1.1,2,31.092056
-1.0,1,31.11426
-1.1,4,31.188809
-1.0,1,31.21401
-1.0,1,31.23412
-1.0,1,31.258216
-1.1,4,31.31876
-0.9,2,31.359078
-1.0,1,31.378715
-1.1,2,31.414986
-1.0,1,31.435617
-1.0,1,31.453721
-1.0,1,31.478403
-0.9,6,31.575745
-1.0,1,31.599417
-1.1,2,31.644257
-1.0,1,31.667907
-1.0,1,31.687567
-1.0,1,31.709259
-0.9,2,31.745121
-1.0,1,31.76726
-1.0,1,31.787904
-1.1,2,31.822668
-0.9,2,31.854395
-1.0,1,31.87302
-1.0,3,31.923409
-1.0,1,31.949606
-1.0,1,31.977856
-1.0,1,32.0005
-1.0,1,32.01915
-1.0,1,32.042822
-1.2,3,32.093184
-1.0,1,32.117382
1.1,2,32.155193
-1.0,1,32.171896
-1.0,1,32.196941
-0.9,4,32.257356
-1.1,2,32.294562
-1.0,1,32.313721
-0.9,2,32.34807
-1.2,3,32.403013
-1.0,1,32.423613
1.0,1,32.443207
-1.1,4,32.497518
-1.0,1,32.518677
-1.1,2,32.547358
-1.0,1,32.561957
-0.9,2,32.602964
-1.0,3,32.653222
-1.0,1,32.671887
-0.9,2,32.708168
-1.0,1,32.728896
-1.0,1,32.746151
-1.0,1,32.762233
-1.0,1,32.778046
-1.0,1,32.793628
-0.9,2,32.82343
-1.1,6,32.917791
-1.1,2,32.956779
-0.9,2,32.996535
-1.1,4,33.047995
-1.2,3,33.08738
-1.1,2,33.118934
-1.0,1,33.136624
-1.1,4,33.197068
-1.0,1,33.223328
-1.0,1,33.248837
-1.0,1,33.272003
-1.0,1,33.292988
-1.0,1,33.318923
-1.0,1,33.338423
-0.9,2,33.361672
-1.1,8,33.458258
-0.9,2,33.481815
-1.0,1,33.501038
-1.1,2,33.527477
-1.0,1,33.546733
-1.0,1,33.562526
-1.1,2,33.592785
1.0,1,33.618571
-1.0,1,33.638855
-1.0,1,33.65767
-1.0,1,33.683601
-1.0,1,33.703217
-1.0,3,33.752784
-1.0,1,33.772632
-0.9,2,33.80312
-1.0,1,33.821111
-1.0,3,33.867857
-1.0,1,33.88644
-1.0,1,33.902011
-0.9,2,33.927934
-1.0,1,33.952217
-0.9,2,33.982966
-1.0,1,33.998072
-1.1,2,34.032596
-0.9,2,34.068067
-1.0,1,34.088695
-1.0,1,34.10826
-1.0,1,34.127638
-1.0,1,34.148521
-1.0,1,34.172797
-1.0,1,34.193403
-1.0,1,34.214577
-1.0,1,34.234347
-1.0,1,34.25413
-1.0,1,34.27297
-1.2,3,34.31775
-1.0,1,34.3378
-1.0,1,34.351947
-1.0,1,34.367158
-1.0,1,34.383171
-1.0,1,34.40133
-1.1,2,34.429358
-1.0,1,34.44818
-1.0,1,34.462303
-1.0,1,34.476764
-1.0,1,34.497741
-0.8,5,34.567924
-1.0,3,34.618531
-0.9,2,34.654571
-1.0,1,34.6787
-1.0,3,34.722897
-1.0,3,34.767514
-1.0,5,34.842547
-1.0,3,34.883883
-1.0,1,34.902609
-1.2,5,34.967778
-0.9,2,34.997249
-1.0,1,35.017264
-1.0,1,35.037058
-1.0,1,35.058232
-1.0,1,35.077377
-1.1,2,35.114252
-1.0,3,35.158321
-1.0,1,35.178749
-1.0,1,35.203042
-1.2,3,35.249318
-1.0,1,35.267543
-1.0,1,35.288209
-1.0,3,35.338245
-1.0,1,35.358477
-1.0,3,35.399205
-1.0,1,35.423037
-1.0,1,35.442325
-1.0,1,35.461427
-1.0,1,35.476977
-0.9,6,35.562687
-1.0,1,35.586489
-1.0,1,35.60875
-1.1,2,35.648229
-1.0,1,35.674035
-1.0,1,35.694652
-1.0,1,35.713958
-1.0,1,35.733592
-1.0,1,35.752846
-1.0,1,35.778226
-1.1,2,35.81346
-1.0,1,35.832847
-1.0,1,35.852747
-1.0,1,35.873219
-1.1,4,35.933971
-1.1,2,35.963683
-1.0,1,35.981972
-1.0,1,35.997487
-1.1,2,36.028085
-1.1,2,36.061403
-1.0,1,36.08782
-1.1,2,36.122051
-1.0,1,36.143628
-1.0,1,36.166756
-1.2,5,36.228153
-1.0,1,36.258452
-1.0,1,36.322061
-0.9,2,36.348268
-1.0,3,36.383835
-1.1,2,36.418923
-1.0,1,36.438689
-1.0,1,36.457874
-1.0,3,36.507132
-1.1,4,36.566983
-1.1,4,36.618377
-1.0,1,36.636533
-1.0,1,36.651541
-1.0,1,36.667382
-1.0,1,36.681626
-1.0,3,36.72276
-1.0,1,36.738347
-1.0,1,36.763327
-1.0,1,36.783428
-1.1,6,36.847868
-1.1,2,36.872695
-1.0,1,36.886778
-1.0,1,36.901692
-1.0,1,36.922479
-1.0,1,36.937227
-1.0,1,36.957051
-1.1,2,36.987171
-1.1,2,37.012444
-1.2,3,37.0543
-1.0,1,37.072157
-1.1,4,37.116298
-1.1,2,37.142453
-1.0,1,37.162083
-1.2,3,37.20151
-0.8,3,37.241666
-1.0,1,37.255943
-0.9,2,37.282001
-1.1,4,37.344177
-1.0,1,37.362994
-1.2,3,37.402063
-1.0,1,37.422566
-1.0,1,37.442204
-1.0,3,37.487493
-0.7,4,37.537436
-1.1,2,37.567849
-1.0,1,37.58747
-1.0,1,37.60712
-0.9,6,37.687532
-1.0,3,37.722454
-1.0,1,37.741769
-1.0,1,37.756817
-0.8,3,37.791564
-1.0,1,37.8135
-1.0,1,37.827525
-1.0,1,37.847193
-1.1,2,37.877299
-1.0,1,37.896888
-1.0,3,37.932928
-1.1,2,37.962333
-1.0,1,37.987561
-1.1,2,38.017596
-1.0,1,38.039093
-1.0,1,38.062711
-1.0,1,38.082778
-1.2,3,38.117178
-1.0,1,38.13715
-1.1,2,38.167991
-0.9,2,38.198209
-0.9,2,38.226795
-1.0,3,38.267009
-0.9,2,38.292877
-1.0,5,38.363855
-1.0,1,38.381984
-1.0,1,38.402232
-1.0,1,38.418417
-1.0,1,38.43697
-1.0,1,38.452223
-1.0,1,38.472575
-1.1,2,38.501755
-1.2,3,38.537383
-1.2,3,38.577822
-1.0,1,38.596399
-1.0,1,38.612543
-1.0,1,38.634364
-1.0,3,38.678188
-1.0,1,38.702997
-0.9,2,38.731826
-1.0,1,38.753054
-1.4,5,38.813519
-1.0,1,38.832116
-1.0,1,38.852777
-0.9,2,38.883595
-1.0,1,38.902272
-0.9,2,38.932319
-1.2,3,38.973292
-1.0,1,38.991413
-1.0,1,39.006589
-1.0,1,39.028358
-1.1,4,39.082491
-1.0,1,39.101183
-1.1,2,39.128435
-1.0,1,39.147434
-1.0,1,39.16748
-0.8,3,39.211914
-1.1,2,39.237151
-1.0,1,39.258365
1.0,1,39.272903
-1.0,1,39.292316
-1.0,1,39.312189
-1.0,1,39.332309
-1.0,1,39.348395
-1.1,2,39.375531
-1.0,1,39.392302
-1.0,1,39.411814
-1.0,1,39.432751
-1.0,1,39.452457
-1.3,4,39.50708
-1.2,7,39.588406
-1.0,1,39.607321
-1.2,3,39.64847
-1.0,1,39.666816
-1.0,1,39.684077
-1.0,1,39.701198
-0.8,3,39.737421
-1.0,1,39.75775
-1.3,4,39.811789
-1.0,1,39.827397
-1.1,4,39.872514
-1.0,3,39.913275
-1.0,1,39.931903
-0.9,2,39.95714
-1.0,1,39.977797
-1.1,2,40.007214
-0.9,2,40.031857
-1.0,7,40.112607
-1.0,1,40.13246
-1.0,1,40.152281
-1.0,1,40.173875
-1.0,1,40.191386
-1.0,1,40.207476
-0.9,2,40.237926
-0.9,2,40.267737
-1.0,1,40.286631
-1.0,1,40.302831
-1.0,1,40.322672
-1.0,1,40.341799
-1.2,7,40.426759
-1.0,1,40.441422
-1.0,1,40.456351
-0.9,2,40.482516
-1.0,3,40.522973
-1.0,5,40.581371
-1.0,1,40.597475
-1.2,7,40.67777
-1.0,1,40.697131
-1.0,1,40.71641
-1.0,1,40.732556
-1.0,1,40.751026
-1.0,1,40.768196
-1.0,1,40.786327
-1.1,2,40.817518
-1.0,1,40.836874
-1.0,1,40.857412
-1.0,1,40.872973
-1.0,1,40.892269
-1.0,1,40.912215
-1.0,1,40.932877
-1.0,1,40.95297
-1.0,1,40.972329
-1.0,1,40.992199
-1.0,3,41.031883
-1.1,2,41.066831
-1.0,1,41.082804
-1.0,1,41.103267
-1.0,3,41.143125
-1.1,2,41.173034
-1.0,1,41.191933
-1.0,1,41.208978
-1.1,2,41.238399
-0.9,2,41.267462
-1.2,3,41.303085
-1.0,1,41.316406
-1.0,1,41.338446
-1.0,1,41.352664
-0.8,3,41.392482
-1.0,1,41.407275
-1.1,4,41.456881
-1.1,2,41.48778
-0.9,4,41.532428
-1.0,1,41.547273
-1.0,1,41.562455
-1.1,2,41.596403
-1.0,1,41.617731
-1.0,1,41.637121
-0.9,2,41.669384
-1.0,1,41.692198
-1.0,1,41.712372
-1.1,2,41.742697
-1.0,1,41.761554
-1.0,1,41.777442
-1.0,5,41.836372
-1.0,1,41.851725
-1.0,1,41.866901
-1.0,1,41.882735
-1.0,1,41.902207
-1.0,1,41.91846
-0.9,2,41.946797
-1.0,1,41.967449
-1.0,1,41.986593
-1.0,1,42.002854
-1.0,1,42.022037
-1.0,1,42.042835
-1.1,2,42.073272
-1.0,1,42.092295
-1.0,3,42.132165
-1.0,5,42.197847
-1.0,1,42.217135
-1.2,3,42.256549
-1.0,1,42.271564
-0.9,2,42.302516
-0.9,2,42.332433
-1.0,1,42.352161
-0.9,2,42.382533
-1.0,3,42.422945
-1.0,1,42.442138
-1.0,1,42.456873
-1.0,1,42.473217
-1.0,1,42.492143
-1.1,2,42.515884
-1.0,1,42.532561
-1.0,1,42.55224
-1.1,10,42.666612
-1.0,1,42.681701
-1.1,2,42.70663
-1.0,1,42.722673
-1.0,3,42.761969
-1.0,1,42.777025
-0.9,2,42.80787
-1.0,1,42.823016
-1.0,1,42.841339
-1.0,1,42.857835
-1.1,2,42.887941
-1.0,1,42.90704
-0.9,2,42.937115
-1.0,1,42.952868
-1.1,2,42.982196
-1.0,1,43.006118
-0.9,2,43.038442
-1.0,1,43.058205
-1.0,1,43.076496
-1.0,1,43.09759
-1.1,2,43.126325
-1.1,2,43.152077
-1.0,1,43.167389
-0.9,2,43.197619
-1.1,2,43.227351
-1.1,2,43.256832
-0.9,2,43.287588
-1.0,1,43.306226
-1.0,3,43.348166
-1.0,1,43.372752
-1.0,1,43.387355
-1.0,1,43.403863
-1.1,2,43.427265
-1.0,1,43.44305
-1.0,1,43.462879
-1.0,1,43.476696
-1.0,1,43.491457
-1.0,3,43.527618
-1.0,3,43.567789
-1.0,1,43.58647
-1.0,3,43.623188
-0.9,2,43.64766
-1.0,1,43.668873
-1.0,1,43.68239
-1.0,1,43.702822
-1.0,1,43.721291
-1.0,1,43.741592
-0.9,2,43.768175
-1.0,1,43.787295
-1.0,1,43.807105
-0.9,4,43.852931
-1.0,1,43.871889
-0.9,4,43.917125
-0.9,2,43.948234
-1.0,1,43.967822
-1.0,1,43.987822
-1.0,1,44.006926
-1.1,2,44.031965
-1.0,3,44.066631
-1.0,1,44.08709
-1.0,1,44.108653
-1.0,1,44.127554
-1.0,1,44.14679
-1.0,1,44.167998
-1.0,1,44.182076
-1.0,5,44.273593
-1.0,1,44.291929
-1.1,2,44.328032
-0.8,3,44.371756
-1.0,1,44.392788
-1.0,1,44.412457
-1.0,1,44.432044
-1.2,3,44.471835
-1.0,1,44.488942
-1.0,1,44.508568
-0.9,2,44.54334
-1.0,1,44.564601
-1.0,1,44.584717
-0.9,2,44.617942
-1.3,4,44.679026
-1.0,3,44.724904
-1.0,1,44.745563
-1.0,1,44.76465
-1.1,2,44.803434
-1.0,1,44.823559
-1.0,1,44.843742
-1.1,2,44.876536
-1.0,3,44.933979
-1.0,1,44.958183
-1.0,1,44.977764
-1.1,2,45.014547
-1.1,2,45.052323
-1.0,1,45.072807
-1.0,1,45.101601
-1.0,1,45.119611
-1.0,1,45.152598
-0.7,4,45.22391
-1.0,1,45.248142
-1.1,4,45.318254
-1.0,1,45.357191
-1.0,3,45.408609
-1.1,4,45.484636
-1.2,5,45.578363
-1.0,1,45.599069
-1.1,6,45.698276
-1.0,3,45.743237
-1.0,1,45.764951
-0.9,2,45.801703
-1.0,1,45.829423
-1.0,1,45.853704
-1.0,1,45.873781
-1.0,3,45.927732
-1.2,5,46.006883
-1.0,1,46.027834
-1.1,2,46.055643
-1.0,3,46.107461
-1.0,3,46.162977
-1.0,1,46.18312
-1.6,7,46.307738
-1.2,3,46.363664
-1.1,2,46.397877
-1.0,1,46.420995
-1.0,1,46.447694
-1.2,3,46.494057
-1.0,1,46.514253
-1.0,1,46.539424
-1.0,1,46.563126
