#{"t_start": 1747666392.709178, "env_id": "None"}
r,l,t
-1.0,1,9.880234
-1.3,4,9.970484
-1.0,1,10.004413
-1.0,1,10.031744
-1.0,1,10.062063
-1.0,1,10.095469
-1.0,1,10.118391
-0.9,2,10.164767
-0.9,2,10.206245
-1.0,1,10.229067
-1.0,1,10.259984
-1.0,1,10.288716
1.0,1,10.326593
-1.0,1,10.349391
-0.9,2,10.390651
-1.0,1,10.419367
-1.0,1,10.443828
-1.0,1,10.468422
-1.0,1,10.494087
-1.1,2,10.541231
-1.1,2,10.596189
-0.9,2,10.641216
-0.9,2,10.690215
-1.2,3,10.760365
-1.1,4,10.86795
-1.0,1,10.890781
-1.0,1,10.914266
1.0,1,10.940123
-1.0,1,10.964696
-1.0,1,10.9855
-1.0,1,11.009698
-1.0,1,11.034407
-1.0,1,11.058756
-1.0,1,11.085454
-1.1,4,11.155612
-1.0,1,11.176815
-1.0,1,11.202095
-1.0,1,11.228879
-1.0,1,11.256094
-0.9,4,11.325777
-0.9,2,11.379272
-1.0,3,11.43987
-1.0,1,11.467788
-1.0,1,11.495251
-1.1,2,11.538376
-1.0,1,11.564704
-0.9,2,11.613946
-1.0,1,11.649593
-1.0,1,11.676867
-1.0,1,11.705742
-1.0,1,11.734283
-0.9,2,11.785093
-1.0,1,11.809655
-1.0,1,11.834012
-1.0,1,11.859771
-1.0,1,11.885746
-1.0,1,11.915917
-1.0,1,11.935995
-1.0,1,11.961601
-1.0,1,11.978659
-1.0,1,11.999287
-0.8,3,12.053794
-1.1,2,12.096094
-1.0,1,12.126449
-1.1,2,12.164301
-1.0,1,12.191406
-1.0,1,12.214314
-1.0,1,12.240305
-1.0,1,12.265545
-1.0,1,12.289811
-1.2,3,12.343871
-1.0,1,12.375823
-0.9,2,12.412803
-1.0,1,12.441523
-1.1,2,12.483891
-1.1,2,12.528
-1.0,1,12.552315
-1.3,6,12.649676
-1.0,1,12.673314
-1.0,1,12.699411
-1.0,3,12.758789
-1.0,1,12.784142
-1.0,1,12.807981
-1.1,2,12.844892
-1.0,1,12.870705
-1.1,4,12.944345
-1.0,1,12.966139
-0.9,2,13.014811
-1.2,3,13.069598
-0.9,2,13.104649
-1.0,1,13.127506
-1.0,1,13.148752
-1.2,5,13.234436
-1.1,4,13.306436
-1.1,2,13.355445
-1.0,1,13.376928
-1.0,1,13.400234
-1.1,2,13.43786
-1.1,2,13.472522
-1.0,3,13.540405
-1.0,1,13.565906
-1.0,1,13.594912
-1.0,1,13.619389
-1.3,4,13.697374
-1.1,2,13.740639
-1.1,4,13.820869
-0.8,3,13.879905
-1.0,1,13.904788
-0.9,2,13.944191
-1.0,1,13.973635
-1.0,3,14.036447
-1.2,3,14.101832
-0.9,2,14.142239
-1.0,3,14.211197
-1.0,1,14.233509
-1.0,1,14.259858
-1.2,3,14.32414
-0.9,2,14.366225
-1.0,1,14.389995
-1.0,1,14.415064
-1.0,1,14.436477
-1.2,5,14.518792
-1.0,3,14.574863
-1.1,2,14.607373
-0.9,2,14.649851
-1.1,2,14.692372
-1.0,3,14.744489
-1.0,1,14.769009
-1.1,2,14.808909
-1.0,1,14.831051
-1.0,1,14.85639
-1.0,1,14.874643
-1.1,4,14.938993
-1.0,1,14.960897
-1.0,1,14.991111
-1.1,4,15.068564
-1.0,1,15.095271
-1.0,3,15.145539
-1.1,2,15.184259
-1.0,3,15.229351
-1.0,1,15.253806
-1.1,2,15.294818
-0.9,2,15.335574
-1.0,1,15.359902
-1.0,1,15.384377
-1.0,1,15.405288
-1.0,1,15.424586
-1.0,1,15.448467
-1.1,4,15.508986
-1.0,1,15.534989
-1.1,2,15.574965
-0.9,2,15.613633
-1.0,1,15.634285
-1.1,2,15.671358
-1.0,1,15.693712
-0.9,2,15.724203
-1.1,2,15.768367
-1.0,1,15.792452
-1.1,2,15.825038
-1.0,1,15.849594
-1.0,1,15.869083
-1.1,2,15.90526
-0.9,2,15.945388
-1.0,1,15.970134
-1.1,4,16.041112
-1.0,1,16.064401
-0.7,4,16.135935
-1.0,1,16.160613
-1.0,1,16.183388
-1.0,1,16.215961
-1.0,1,16.242041
-1.0,1,16.265449
-1.1,4,16.327413
-1.0,1,16.348809
-1.0,1,16.36904
-1.0,1,16.390417
-1.0,1,16.413305
-1.0,1,16.437631
-1.0,1,16.464945
-1.0,3,16.524352
-1.0,1,16.549415
-0.9,2,16.591282
-1.0,1,16.621312
-1.0,1,16.640604
-1.1,2,16.679351
-1.1,2,16.716426
-1.2,5,16.795767
-1.0,1,16.824833
-1.0,1,16.843637
-1.0,5,16.915123
-1.0,1,16.934422
-1.1,2,16.969978
-1.0,1,16.997105
-1.0,1,17.020888
-0.9,2,17.060107
-0.8,3,17.115051
-1.0,1,17.135116
-1.0,1,17.157987
-1.0,1,17.181306
-1.1,2,17.214913
-1.2,3,17.264098
-1.0,1,17.288117
-0.9,4,17.354166
-1.1,2,17.393148
-1.0,1,17.419506
-0.9,2,17.460691
-1.0,1,17.484303
-1.0,1,17.510337
-1.0,1,17.534456
-1.0,3,17.583222
-1.2,3,17.633652
-0.9,2,17.670305
-1.0,3,17.724132
1.0,1,17.743874
-1.0,1,17.766002
-1.3,4,17.829427
-1.0,1,17.848404
-1.0,1,17.876814
-1.4,7,17.983085
-1.0,1,18.000273
-0.9,2,18.036027
-1.0,1,18.055673
-1.0,1,18.078089
-1.0,1,18.09902
-1.0,1,18.123253
-1.0,1,18.149393
-0.9,2,18.183679
-1.1,2,18.221496
-0.9,2,18.268728
-1.1,2,18.305117
-1.0,1,18.328789
-1.0,5,18.408743
-1.1,2,18.445594
-1.0,1,18.468021
-1.0,1,18.495894
-1.0,1,18.521227
-1.0,1,18.540905
-1.0,1,18.563574
-1.0,1,18.589304
-1.1,2,18.630327
-1.0,1,18.655688
-0.9,2,18.689003
-1.0,1,18.71034
-1.1,2,18.749562
-1.2,3,18.800278
-1.0,1,18.821186
-1.0,1,18.840789
-1.0,1,18.860023
-0.8,7,18.972693
-1.0,1,18.995467
-1.2,3,19.04775
-1.0,1,19.06896
-0.9,2,19.108953
-0.9,2,19.150863
-1.0,1,19.174882
-1.0,1,19.198013
-1.0,1,19.21979
-1.1,2,19.271104
-1.0,1,19.306595
-1.2,5,19.395052
-1.1,2,19.430531
-0.9,2,19.469446
-1.0,1,19.49341
-1.0,3,19.543593
-1.0,1,19.570761
-1.0,1,19.595685
-1.0,3,19.649956
-1.0,1,19.674757
-1.1,4,19.745296
-1.0,1,19.769614
-1.0,1,19.795416
-1.0,1,19.818321
-0.9,2,19.863625
-1.1,2,19.897947
-1.0,1,19.925117
-1.0,1,19.94517
-0.9,2,19.983882
-1.1,4,20.055352
-1.0,1,20.077586
-1.1,2,20.118659
-0.9,2,20.160557
-0.9,2,20.194958
-1.0,1,20.218671
-1.1,2,20.253862
-1.0,5,20.336222
-1.0,1,20.359939
-1.0,3,20.410376
-1.0,1,20.443235
-0.9,2,20.492988
-0.9,2,20.536464
-0.9,4,20.605261
-1.0,3,20.660693
-1.0,1,20.690806
-1.0,1,20.722237
-1.0,1,20.750757
-1.0,1,20.780677
-1.0,1,20.804379
-1.0,1,20.829215
-1.1,2,20.873442
-1.0,1,20.892695
-1.0,5,20.978409
-1.0,5,21.061635
-1.1,2,21.098324
-0.9,2,21.144259
-1.0,1,21.168874
-1.0,1,21.193949
-0.9,2,21.23162
-1.0,1,21.256289
-1.0,1,21.278784
-0.9,2,21.317547
-1.0,1,21.33937
-1.0,1,21.364887
-1.0,1,21.386742
-1.0,1,21.405516
-1.2,3,21.463524
-1.1,4,21.535131
-1.0,3,21.594797
-1.1,2,21.629215
-1.0,3,21.685611
-1.0,1,21.709379
-1.1,2,21.743935
-1.1,2,21.783966
-1.1,2,21.818236
-1.1,2,21.860535
-1.0,1,21.88527
-1.0,1,21.906331
-1.0,5,21.984248
-1.0,1,22.008827
-1.1,2,22.054938
-1.0,1,22.080424
-1.1,2,22.120598
-1.0,1,22.140714
-1.0,1,22.16449
-1.1,2,22.205317
-1.0,1,22.228864
-1.2,3,22.276339
-0.9,2,22.314716
-1.3,6,22.404009
-1.0,1,22.424751
-1.0,1,22.443338
-1.0,1,22.462725
-1.1,4,22.529485
-1.0,1,22.554862
-1.0,3,22.603699
-0.9,2,22.638953
-1.0,1,22.660513
-1.1,2,22.696278
-0.8,5,22.772228
-0.9,2,22.809767
-0.9,2,22.84255
-1.0,1,22.864171
-1.0,1,22.883845
-1.0,1,22.905017
-1.0,1,22.928605
-1.0,1,22.950267
-1.2,3,23.005393
-1.0,1,23.03126
-1.0,1,23.061069
-0.9,2,23.100043
-1.0,1,23.131895
-1.0,1,23.153748
-1.0,1,23.19392
-1.2,3,23.264267
-1.0,1,23.290265
-1.0,1,23.314437
-1.0,1,23.338512
-1.0,3,23.388411
-1.0,1,23.414252
-1.2,3,23.46371
-0.8,3,23.522844
-1.1,4,23.588309
-1.0,3,23.643624
-0.9,2,23.680841
-1.0,1,23.707173
-1.1,2,23.751238
-0.9,2,23.782986
-1.0,1,23.803617
-1.0,1,23.823456
-1.0,1,23.84905
-1.0,1,23.874636
-1.0,1,23.898278
-0.9,4,23.969062
-1.1,2,24.01108
-1.1,2,24.048052
-1.1,2,24.085369
-1.4,5,24.164676
-1.0,1,24.184593
-1.1,6,24.270757
-0.9,2,24.31038
-1.0,1,24.334305
1.0,1,24.360905
-1.0,1,24.380853
-1.0,1,24.399347
-1.1,6,24.493112
-1.0,1,24.514758
-1.0,1,24.534334
-1.0,1,24.554782
-1.1,2,24.589734
1.0,1,24.616663
-1.1,2,24.649358
-1.1,2,24.683984
-0.9,2,24.712898
-1.0,1,24.735797
0.8,3,24.790367
-1.1,2,24.823351
-1.0,1,24.84817
-1.0,7,24.963161
-1.1,2,25.005872
-1.1,2,25.045392
-1.0,3,25.087527
-1.0,1,25.108778
-0.9,2,25.146006
-1.0,1,25.168796
-1.0,1,25.192981
-1.0,1,25.214201
-1.0,1,25.234849
-1.0,3,25.279308
1.0,1,25.299415
-1.0,1,25.323104
-1.0,1,25.343966
-0.9,2,25.380576
-0.8,3,25.435026
-1.0,1,25.458918
-1.0,1,25.480257
-1.0,1,25.498501
-0.9,2,25.539656
-1.0,1,25.560268
-1.0,1,25.580211
-1.0,1,25.604787
-1.0,1,25.623812
-1.0,1,25.649707
-1.1,2,25.684665
-1.0,1,25.705073
-1.0,1,25.726518
-1.0,1,25.751367
-1.0,1,25.773246
-1.2,9,25.899236
-1.1,2,25.938788
-1.0,1,25.968379
-1.0,1,25.996589
-1.0,1,26.013693
-1.0,3,26.065312
-1.0,1,26.08284
-1.0,3,26.134536
-1.3,4,26.203986
-1.0,1,26.224802
-1.0,1,26.248366
-0.9,2,26.289111
1.0,1,26.310734
-1.1,2,26.343751
-1.0,1,26.363037
-1.0,1,26.388997
-1.3,6,26.474897
-1.2,7,26.679998
-0.9,2,26.715708
-1.0,1,26.73543
-1.0,1,26.759297
-1.0,1,26.785791
-1.1,2,26.816469
-0.9,2,26.847423
-1.1,2,26.880789
-1.0,1,26.89933
-1.0,1,26.919204
-1.0,7,27.030071
-0.9,2,27.064775
-1.0,1,27.088689
-1.1,2,27.120246
-0.9,2,27.159794
-1.2,3,27.20837
-1.1,4,27.270438
-1.0,1,27.288816
-0.7,4,27.348513
-0.7,8,27.46034
-0.9,4,27.525057
-1.0,1,27.55607
-0.9,2,27.599537
-1.1,2,27.639256
-1.0,1,27.658991
-1.0,1,27.685937
-1.0,1,27.710977
-1.0,1,27.73558
-1.0,1,27.760237
-0.7,4,27.835142
-1.2,3,27.890052
-1.0,1,27.913726
-1.0,1,27.940496
-1.1,2,27.979665
-1.1,2,28.015197
-1.0,1,28.039308
-0.9,4,28.113581
-1.0,1,28.134458
-0.9,2,28.173894
-0.9,2,28.214168
-0.9,2,28.254658
-1.1,2,28.294871
-1.0,1,28.31875
-0.9,2,28.354257
-1.0,1,28.374851
-1.0,1,28.399238
-1.1,2,28.433513
-1.0,1,28.458135
-1.1,2,28.499085
-1.0,1,28.523935
-1.2,3,28.571537
-1.0,1,28.593528
-1.1,4,28.65363
-1.0,1,28.680261
-1.1,2,28.715837
-1.0,1,28.739205
-1.0,1,28.766895
-1.0,1,28.798115
-1.1,2,28.835448
-1.1,2,28.876117
-1.0,1,28.900926
-1.1,2,28.941725
-1.1,2,28.984364
-1.0,1,29.007553
-1.0,1,29.034742
-1.0,1,29.059115
-1.0,1,29.084707
-1.1,2,29.120771
-1.0,1,29.150346
-1.0,1,29.176103
-1.1,2,29.205084
-1.0,1,29.224537
-1.0,1,29.250247
-1.1,2,29.282574
-1.0,1,29.309282
-0.9,2,29.348248
-1.0,1,29.372492
-1.0,1,29.397228
-0.8,3,29.450573
-1.0,1,29.476674
-1.1,2,29.514673
-1.1,2,29.553683
-0.8,5,29.639708
-1.0,1,29.66475
-1.0,1,29.689472
-1.0,1,29.714843
-1.0,1,29.735925
-1.1,2,29.772043
-1.0,1,29.795879
-0.9,2,29.828958
-1.0,1,29.855992
-1.0,1,29.874364
-1.1,2,29.909041
-1.0,1,29.931607
-1.1,2,29.96155
-1.2,5,30.038212
-1.0,1,30.063487
-1.0,1,30.086285
-1.0,1,30.109363
-0.9,2,30.150311
-1.0,1,30.173485
-1.1,2,30.214739
-1.0,1,30.238278
-1.0,1,30.256365
-1.0,1,30.275058
-1.0,1,30.293002
-1.0,1,30.31137
-1.2,3,30.362688
-1.0,1,30.390733
-1.1,2,30.430811
-0.9,2,30.466051
-1.1,6,30.559353
-1.0,1,30.582643
-1.0,1,30.608376
-1.0,1,30.634021
-1.1,2,30.679808
-1.0,1,30.705125
-1.0,1,30.729738
-0.9,4,30.791622
-1.2,3,30.838824
-1.0,1,30.859921
-1.1,2,30.893959
-1.0,1,30.912683
-1.1,2,30.944872
-1.0,1,30.968292
-1.0,1,30.989508
-1.1,2,31.018326
-1.0,1,31.043051
-0.9,2,31.078925
-0.9,2,31.119307
-1.2,3,31.168315
-1.0,3,31.219516
-1.0,1,31.238676
-1.0,1,31.258961
-1.0,1,31.284275
-1.3,4,31.354118
-0.9,2,31.389351
-1.0,1,31.411063
-1.1,6,31.50573
-1.0,1,31.529556
-1.3,6,31.614519
-1.0,1,31.646471
-0.9,4,31.715743
-1.0,1,31.739547
-1.0,1,31.76134
-0.9,2,31.795107
-1.0,1,31.818936
-1.0,3,31.873797
-1.0,1,31.898961
-1.0,1,31.923389
-1.0,1,31.943849
-1.0,7,32.057675
-1.2,7,32.170897
-1.0,1,32.187991
-1.0,1,32.210829
-1.0,1,32.230978
-1.0,1,32.250001
-1.0,1,32.269863
-1.1,2,32.308627
-1.0,1,32.338767
-1.0,1,32.358363
-1.0,1,32.380215
-1.0,1,32.404023
-1.1,2,32.439984
-1.0,1,32.463323
-1.0,3,32.513002
-0.9,2,32.544197
-1.0,1,32.569114
-1.0,1,32.593337
-1.0,1,32.61609
-1.1,2,32.659273
-1.0,1,32.684269
-0.9,2,32.725425
-1.0,1,32.760643
-1.0,1,32.785384
-1.0,1,32.81009
-1.1,2,32.8455
-1.0,1,32.868893
-1.0,1,32.895015
-1.0,1,32.919801
-1.0,1,32.943464
-1.0,3,33.000495
-1.0,1,33.025227
-1.1,2,33.064297
-1.0,1,33.089153
-0.9,2,33.130698
-1.1,2,33.164839
-1.0,1,33.188605
-1.0,1,33.217592
-1.1,2,33.250423
-0.9,2,33.284817
-1.1,2,33.324974
-1.0,3,33.377312
-1.1,4,33.44588
-1.0,1,33.465189
-1.1,2,33.514769
-1.1,2,33.549908
-1.2,3,33.597974
-1.1,2,33.633227
-1.0,3,33.688298
-1.0,1,33.713366
-1.0,1,33.739471
-0.9,2,33.780183
-1.0,1,33.804053
-1.0,3,33.853586
-1.0,1,33.878638
-1.1,2,33.919982
-1.0,1,33.937083
-1.1,2,33.968243
-1.1,2,34.000617
-1.0,1,34.023838
-1.1,2,34.054611
-1.0,1,34.078911
-1.1,4,34.14037
-0.9,4,34.199295
-0.8,3,34.251492
-1.0,1,34.269953
-1.0,1,34.287985
-1.2,3,34.338913
-1.0,1,34.360505
-1.0,3,34.405184
-1.0,1,34.429362
-1.0,3,34.474461
-1.0,1,34.494031
-1.0,1,34.517975
-1.0,1,34.54355
-1.1,2,34.583048
-0.8,5,34.672503
-0.9,4,34.734162
-1.1,2,34.766122
-1.0,1,34.784248
-1.2,5,34.860339
-1.1,2,34.895615
-0.9,4,34.96531
-1.1,2,34.998798
-1.0,3,35.050818
-1.1,2,35.085069
-1.0,1,35.103275
-1.1,2,35.137836
-1.0,1,35.158841
-1.0,1,35.183418
-1.0,1,35.205742
-1.0,1,35.225331
-1.3,4,35.290341
-1.0,1,35.313996
-1.1,2,35.352147
-1.0,1,35.380973
-1.0,1,35.406079
-1.0,1,35.42894
-1.0,1,35.460786
-1.0,1,35.493162
-1.0,1,35.516011
-1.0,1,35.540615
-0.9,2,35.605253
-1.0,1,35.626381
-1.0,1,35.645321
-1.0,1,35.670813
-1.0,3,35.721194
-1.0,1,35.74566
-1.0,1,35.772912
-1.1,2,35.809929
-1.0,1,35.835576
-1.1,2,35.874615
-1.0,1,35.900242
-1.0,3,35.960393
-1.0,1,35.980231
-1.1,4,36.059946
-0.9,4,36.130247
-1.0,1,36.155074
-1.3,4,36.228606
-1.0,1,36.248574
-0.9,2,36.284462
-1.0,1,36.306427
-1.0,1,36.325761
-0.8,3,36.378712
-1.0,1,36.403672
-1.0,1,36.429995
-1.0,1,36.454042
-1.0,1,36.473721
-0.9,2,36.511695
-1.0,1,36.530431
-1.0,1,36.556154
-0.9,2,36.598181
-1.0,1,36.618502
-1.1,2,36.655495
-0.9,6,36.755059
-1.0,5,36.839623
-1.0,1,36.861711
-0.9,2,36.899673
-1.0,1,36.926514
-1.0,1,36.951168
-1.0,1,36.975296
-1.3,4,37.043527
-1.0,3,37.095729
-1.0,1,37.119542
-1.1,2,37.154696
-1.0,1,37.178371
-0.9,2,37.214464
-0.9,2,37.250373
-1.0,1,37.285262
-1.0,3,37.333369
-1.0,1,37.353918
-1.0,1,37.376402
-1.1,2,37.408313
-1.0,1,37.429302
-0.9,2,37.46405
-1.0,1,37.489721
-1.0,1,37.513695
-0.9,2,37.548186
-1.0,1,37.574244
-1.0,1,37.597584
-0.9,2,37.629957
-0.8,5,37.708676
-1.0,1,37.733914
-1.0,1,37.759608
-0.8,3,37.816154
-1.0,1,37.835669
-1.0,1,37.858391
-0.9,2,37.894246
-1.0,1,37.912734
-1.0,1,37.933488
-1.0,1,37.955268
-1.0,1,37.978242
-1.0,1,38.001084
-1.0,1,38.020858
-1.0,1,38.044267
-1.1,2,38.081649
-1.1,4,38.151919
-1.0,1,38.175346
-1.1,2,38.213026
-1.4,7,38.320654
-1.0,1,38.343766
-1.0,1,38.365238
-0.8,3,38.415467
-0.9,2,38.450217
-1.1,2,38.487987
-0.9,2,38.529243
-1.0,1,38.550748
-1.0,3,38.606638
-0.9,2,38.644988
-0.9,2,38.673942
-1.0,1,38.694106
-1.0,1,38.720745
-1.2,3,38.778167
-1.0,1,38.799623
-1.0,3,38.854294
-1.0,1,38.876754
-1.0,1,38.895398
-0.9,2,38.931718
-1.2,3,38.978312
-1.2,3,39.029918
-1.0,1,39.078704
-1.0,1,39.100043
-1.0,1,39.126361
-0.9,2,39.161523
-1.0,1,39.18506
-0.9,2,39.224523
-1.0,1,39.252796
-1.1,2,39.288756
-1.1,4,39.359954
-1.0,1,39.380402
-1.1,4,39.443273
-1.0,1,39.46475
-1.0,1,39.496261
-1.0,1,39.5192
-1.0,1,39.538606
-1.0,1,39.558403
-1.1,2,39.594451
-1.2,3,39.645965
-1.0,1,39.664818
-1.0,3,39.71352
-1.0,1,39.739454
-1.0,1,39.76909
-1.1,2,39.804631
-0.8,11,39.979988
0.9,2,40.020961
-0.9,2,40.050492
-1.0,3,40.098953
-0.9,2,40.139542
-1.0,1,40.163322
-1.1,2,40.199054
-0.9,2,40.240474
-1.0,1,40.259876
-1.2,3,40.313406
-1.0,1,40.335125
-1.0,1,40.358832
-1.1,2,40.393738
-1.0,1,40.414399
-1.0,3,40.464319
-0.9,2,40.499972
-1.3,4,40.564257
-1.0,1,40.583879
-1.0,1,40.605304
-0.9,8,40.729097
-1.1,2,40.76093
-1.0,1,40.780609
-1.0,1,40.803334
-1.1,4,40.865827
-1.1,2,40.899236
-1.0,1,40.925003
-0.9,2,40.958991
-0.9,6,41.044363
-1.0,1,41.063977
-1.0,1,41.084455
-1.0,1,41.104899
-1.1,2,41.134244
-1.1,2,41.167379
-1.0,1,41.184233
-1.0,1,41.214778
-1.1,4,41.272203
-0.9,2,41.314863
-1.0,1,41.334129
-1.0,1,41.360437
-0.9,2,41.394645
-0.9,2,41.435508
-1.0,1,41.454254
-1.0,3,41.500029
-1.0,1,41.524548
-1.1,4,41.589394
-1.0,1,41.61073
-1.0,1,41.627922
-1.0,3,41.677893
-1.1,2,41.711691
-1.0,3,41.774056
-1.2,3,41.831203
-1.0,1,41.855953
1.2,3,41.91046
-1.0,1,41.937164
-1.0,1,41.959256
-1.0,1,41.984144
-1.1,4,42.047977
-1.1,2,42.090219
-1.1,2,42.129267
-1.1,4,42.202929
-1.0,1,42.226162
-1.0,1,42.251207
-1.0,3,42.321604
-1.0,1,42.351437
-0.9,2,42.385437
-1.0,3,42.482101
-1.0,1,42.51209
-1.1,2,43.031642
-0.9,2,43.067405
-1.0,1,43.08555
-1.0,1,43.115716
-1.0,1,43.13343
-1.0,1,43.151668
-1.0,1,43.171288
-1.0,1,43.195891
-1.0,1,43.216545
-0.7,6,43.307503
-1.1,2,43.34575
-1.1,2,43.383224
-0.9,2,43.52231
-1.0,1,43.542783
-1.0,1,43.571093
-1.0,1,43.591172
-1.0,1,43.61178
-1.0,1,43.630603
-1.0,1,43.655105
-0.9,2,43.691432
-1.0,1,43.717335
-1.2,3,43.761832
-1.1,6,43.854199
-1.1,2,43.9223
-1.0,1,43.948526
-1.0,1,43.972806
-1.0,1,44.05708
-1.0,3,44.142327
-1.0,1,44.173241
-1.0,1,44.206092
-1.0,1,44.225938
-0.9,2,44.262462
-0.8,3,44.302619
-0.9,2,44.341721
1.1,2,44.375735
-1.0,1,44.397451
-1.0,1,44.415988
-1.0,1,44.443356
-1.0,1,44.467841
-0.9,2,44.502331
-1.0,1,44.521655
-1.0,1,44.549977
-0.9,2,44.592098
-1.0,3,44.641595
-1.1,2,44.682581
-1.1,2,44.717327
-1.0,1,44.743217
-0.9,2,44.783832
-1.0,1,44.806607
-1.0,1,44.827362
-0.9,2,44.867596
-0.9,2,44.906324
-1.0,1,44.931686
-1.0,1,44.951615
-1.1,2,44.988333
-1.0,1,45.012065
-1.1,2,45.046988
-1.0,1,45.070183
-1.0,1,45.096025
-1.0,5,45.183543
-1.1,2,45.223282
1.0,1,45.242292
-1.1,2,45.276376
-0.9,2,45.312439
-0.9,2,45.349892
-1.0,1,45.37343
-0.9,2,45.411335
-1.0,1,45.440995
-1.0,1,45.465539
-1.0,1,45.48603
-1.1,2,45.523032
-1.0,1,45.546106
-1.0,1,45.566904
-1.1,2,45.598145
-1.0,1,45.620235
-1.0,1,45.645373
-1.0,1,45.670488
-1.1,2,45.71028
-1.0,1,45.736139
-1.0,1,45.766448
-1.0,3,45.82041
-0.9,2,45.855892
-0.7,4,45.917479
-1.0,1,45.935464
-1.0,1,45.950414
-1.0,1,45.970895
-1.0,1,45.991276
-1.0,1,46.010585
-1.0,1,46.030629
-1.1,4,46.091733
-1.0,1,46.1134
-0.9,2,46.146332
-1.0,1,46.166346
-1.0,1,46.1877
-1.0,1,46.205842
-1.0,1,46.225825
-0.9,4,46.283382
-1.0,1,46.307729
-1.0,1,46.339699
-1.1,2,46.378385
-1.0,1,46.396653
-0.8,5,46.477765
-1.0,1,46.501883
-1.0,1,46.526961
-0.9,2,46.560603
-0.9,2,46.591032
-1.0,1,46.616363
-1.3,4,46.692947
-1.0,1,46.719893
-1.0,1,46.740849
-1.0,1,46.763958
-1.0,3,46.817456
-1.0,1,46.84258
-1.0,1,46.864825
-1.0,1,46.883583
-1.0,5,46.973524
-1.1,4,47.040862
-1.0,1,47.066524
-1.0,1,47.086787
-1.0,1,47.106888
1.0,1,47.129471
-1.0,1,47.152431
-0.9,2,47.191037
-1.0,1,47.21056
-1.0,1,47.236967
-1.2,3,47.286652
-1.0,3,47.334363
-1.1,4,47.400418
-0.9,2,47.436441
-1.0,1,47.462086
-1.1,2,47.497621
-1.0,1,47.516861
-1.0,1,47.537038
-1.0,1,47.555697
-1.0,1,47.582354
-0.8,3,47.638367
-0.9,2,47.678319
-1.0,1,47.707686
-1.0,1,47.732106
-1.0,1,47.756335
-1.0,1,47.778821
-1.0,1,47.803252
-1.2,3,47.852287
-1.0,1,47.875664
-1.0,1,47.898541
-1.0,1,47.92834
-1.0,1,47.947054
-1.0,1,47.971392
-0.9,2,48.003406
-1.0,1,48.031058
-1.1,2,48.070881
-1.0,7,48.177483
-0.9,2,48.218174
-1.0,1,48.242028
-0.9,2,48.280652
-1.0,1,48.301401
-1.0,3,48.351688
-0.9,2,48.396774
-1.0,1,48.421231
-1.0,1,48.443266
-1.1,2,48.481853
-1.0,1,48.506955
-0.9,4,48.570374
-1.0,1,48.59088
-0.9,4,48.653351
-1.0,1,48.670463
-1.0,1,48.691312
-1.1,2,48.727057
-1.2,3,48.780032
-1.0,1,48.797929
-1.2,3,48.84652
-1.0,1,48.87122
-1.0,1,48.906408
-1.0,1,48.932917
-1.0,1,48.951774
-1.0,1,48.967575
-1.0,1,48.986511
-0.9,2,49.023057
-0.8,3,49.070857
-0.9,4,49.136016
-1.0,1,49.161058
-1.0,1,49.185014
-1.0,1,49.211681
-1.0,1,49.237433
-1.0,3,49.288177
-1.1,2,49.323134
-1.0,1,49.341359
-1.0,1,49.36289
-1.0,1,49.384638
-1.1,2,49.427724
1.0,1,49.450983
-1.0,1,49.471391
-1.0,1,49.497912
-1.0,3,49.545728
-1.0,1,49.565702
-1.0,1,49.587402
-1.1,2,49.626883
-1.1,2,49.666719
-1.0,1,49.687504
-1.0,3,49.741689
-1.0,1,49.762479
-1.1,6,49.846601
-0.9,2,49.886911
-1.0,1,49.907577
-1.1,2,49.940978
-0.9,2,49.982011
-1.0,1,50.002322
-1.2,3,50.048065
-0.9,4,50.117387
-1.0,1,50.143081
-1.0,1,50.165627
-1.0,1,50.188668
-1.1,2,50.22743
-1.3,6,50.33148
-1.0,3,50.378822
-1.3,4,50.451284
-1.0,3,50.507844
-1.0,1,50.531804
-1.0,1,50.556813
-1.0,1,50.582848
