#{"t_start": 1747753391.3896956, "env_id": "None"}
r,l,t
-0.9,6,5.841261
-1.0,3,5.949051
-1.1,2,6.023489
-1.0,1,6.05196
-1.0,1,6.081077
-1.0,1,6.125076
-1.0,1,6.161735
-0.9,4,6.328054
-1.0,1,6.363896
-1.5,6,6.571875
-1.0,1,6.60181
-1.0,3,6.674366
-1.2,3,6.778191
-1.1,4,6.911314
-1.1,2,6.968965
-1.0,1,7.007105
-1.2,5,7.120467
-1.0,1,7.142788
-1.0,1,7.178844
-1.1,2,7.258504
-0.9,2,7.331115
-1.1,2,7.397404
-1.0,5,7.545911
-1.0,1,7.589263
-0.9,2,7.658307
-1.1,6,7.810398
-1.1,2,7.845963
-1.0,1,7.888401
-1.2,5,8.062869
-0.9,4,8.197883
-0.9,2,8.258776
-0.6,7,8.456016
-1.1,4,8.559711
-1.0,1,8.59721
-0.9,2,8.655955
-1.0,1,8.688794
-1.0,1,8.731375
-1.1,2,8.788033
-1.2,3,8.875565
-1.0,1,8.921022
-0.9,2,8.992248
-1.0,1,9.016914
-1.0,1,9.042799
-1.3,8,9.305173
-1.0,1,9.323867
-1.0,1,9.360544
-1.1,8,9.603238
-1.0,1,9.642718
-0.8,3,9.729539
-0.9,2,9.77502
-1.0,1,9.801823
-0.9,2,9.859559
-1.0,1,9.902676
-0.9,2,9.956056
-1.0,3,10.046229
-1.0,1,10.067332
-1.2,5,10.230612
-0.9,2,10.307401
-1.0,3,10.404629
-1.3,4,10.524196
-1.0,1,10.546036
-1.0,3,10.625568
-1.1,2,10.704531
-1.0,1,10.742818
-1.1,2,10.78784
-1.0,1,10.826351
-1.0,1,10.851632
-1.0,3,10.-0.8,5,-1.0,1,10.9-1.1,2,10.907494
-1.0,1,-1.0,1,11.0-1.0,1,-1.1,2,11.112241
-1.0,1,11.1-1.0,3,11.1329
-1.0,1,11-1.0,1,11-1.2,7,11.428113
-1.1,2,11.497953
-1.0,1,11.559479
-0.9,2,11.684785
-1.0,1,11.721281
-1.0,1,11.817562
-1.0,5,12.064664
-1.0,1,12.105098
-1.0,1,12.141207
-1.0,13,12.478379
-1.0,1,12.511292
-1.1,10,12.83899
-1.0,1,12.8721
-1.2,5,13.041653
-1.0,1,13.081623
-1.0,1,13.115447
-1.0,1,13.155244
-1.0,1,13.197045
-0.7,4,13.33158
-1.0,1,13.374799
-1.2,3,13.456497
-1.1,6,13.670561
-0.9,4,13.811864
-1.0,1,13.848388
-0.9,2,13.903446
-0.8,3,13.975825
-0.9,2,14.035154
-1.0,1,14.073799
-1.0,3,14.162229
-1.1,4,14.325247
-1.0,1,14.35821
-1.0,1,14.394504
-1.0,3,14.484029
-1.2,3,14.594495
-1.0,1,14.623815
-1.0,1,14.646198
-1.1,2,14.728049
-1.0,1,14.765368
-1.1,6,14.971151
-0.9,6,15.146727
-1.2,5,15.331507
-1.0,1,15.350688
-1.2,3,15.445975
-1.0,1,15.474383
-0.9,2,15.538281
-1.0,1,15.577996
-1.0,1,15.6178
-1.0,1,15.659047
-1.0,1,15.696527
-1.0,1,15.731412
-1.0,3,15.822982
-1.0,1,15.858756
-1.0,1,15.897464
-1.0,1,15.934092
-0.9,2,16.010427
-1.0,1,16.046811
-0.8,3,16.115018
-1.0,1,16.158593
-1.0,1,16.193052
-1.0,1,16.22112
-0.9,6,16.353093
-1.0,1,16.389781
-1.0,1,16.419893
-1.2,3,16.514439
-1.0,1,16.558393
-1.0,1,16.600173
-0.9,4,16.71352
-1.2,5,16.824433
-1.0,1,16.860947
-1.0,3,16.917993
-1.0,1,16.955185
-1.0,1,16.991023
-1.0,1,17.035439
-1.0,1,17.074199
-1.1,4,17.211816
-1.1,6,17.357327
-1.1,2,17.420116
-1.0,1,17.452183
-1.1,2,17.502946
-1.0,3,17.600899
-1.2,3,17.720098
-1.0,1,17.762862
-1.0,5,17.905749
-1.0,1,17.926708
-1.0,11,18.237982
-1.3,6,18.404597
-1.0,1,18.444493
-1.1,2,18.514744
-1.0,3,18.596598
-1.1,2,18.664989
-1.2,3,18.774405
-0.8,3,18.891715
-0.9,2,18.971413
-1.0,1,19.005648
-0.9,2,19.07545
-1.0,3,19.169431
-1.0,1,19.206982
-1.0,1,19.241649
-1.0,1,19.271171
-1.1,2,19.332496
-1.2,3,19.412171
-1.1,2,19.476688
-1.0,3,19.549442
-1.0,1,19.568519
-1.0,1,19.597755
-1.0,1,19.625942
-1.0,3,19.740311
-1.0,1,19.784689
-1.0,1,19.808834
-1.2,3,19.902712
-0.9,2,19.988177
1.1,2,20.051485
-1.3,4,20.17867
-1.1,2,20.246025
-1.1,2,20.326552
-1.1,2,20.408544
-0.9,4,20.537544
-1.0,1,20.578689
-1.0,1,20.631932
-0.9,4,20.760932
-1.0,1,20.804694
-1.1,2,20.864819
-0.9,2,20.924494
-0.9,2,20.987138
-0.9,2,21.049434
-1.1,2,21.109358
-1.0,1,21.143294
-0.9,2,21.210418
-1.0,3,21.296767
-0.5,10,21.556218
-0.8,5,21.713578
-1.0,1,21.748769
-0.9,2,21.822771
-1.0,1,21.84099
-1.0,1,21.863087
-1.1,2,21.919363
-0.9,2,21.972735
-1.0,1,21.998398
-1.0,1,22.019327
-0.9,6,22.221947
-1.1,2,22.288324
-1.0,1,22.3294
-1.0,1,22.365759
-1.1,2,22.425024
-0.9,6,22.606002
-0.8,3,22.717316
-1.0,1,22.759006
-0.8,7,22.987398
-1.0,1,23.015119
-1.1,2,23.094425
-1.2,5,23.252981
-1.0,1,23.300639
-1.0,3,23.35983
-1.0,1,23.398685
-0.9,2,23.45281
-1.0,1,23.49255
-0.9,2,23.538996
-1.2,3,23.633512
-1.2,5,23.792712
-1.0,1,23.822519
-1.1,2,23.887038
-1.0,1,23.923113
-1.0,1,23.965165
-1.0,1,24.003872
-1.1,4,24.141473
-1.1,2,24.207718
-0.9,2,24.283361
-1.0,1,24.324287
-0.9,2,24.401003
-1.0,1,24.436376
-1.0,1,24.470517
-0.9,8,24.728155
-1.0,3,24.824604
-1.0,1,24.863923
-1.0,1,24.897535
-1.0,3,24.98382
-1.1,2,25.069115
-1.3,4,25.175411
1.1,4,25.296005
-1.0,1,25.325221
-1.1,4,25.469846
-1.1,2,25.554985
-1.0,1,25.593229
-0.9,2,25.657486
-1.0,1,25.687134
-1.0,1,25.714662
-1.0,3,25.813617
-1.0,1,25.85725
-1.0,1,25.894259
-0.9,4,26.025438
-0.9,2,26.09155
-1.0,3,26.198314
-1.0,3,26.297014
-0.9,4,26.419206
-1.1,2,26.475983
-1.1,2,26.528325
-1.0,1,26.563247
-0.9,2,26.630378
-1.0,5,26.795693
-1.2,3,26.882372
-1.0,1,26.909755
-1.0,3,27.014299
-1.1,2,27.077584
-0.9,2,27.124445
-1.0,1,27.162628
-1.1,2,27.223081
-1.2,5,27.361426
-1.1,2,27.40995
-1.0,1,27.456309
-0.9,2,27.511762
-0.9,4,27.626834
-1.1,4,27.762108
-1.0,1,27.798448
-1.2,7,27.998473
-1.0,1,28.039288
-1.0,1,28.075961
-1.0,3,28.155556
-1.0,1,28.186237
-1.0,1,28.228422
-1.1,2,28.299989
-1.0,1,28.324847
-1.0,3,28.420439
-1.0,1,28.45748
-1.0,1,28.500755
-1.0,1,28.523087
-1.0,1,28.560733
-1.1,2,28.634153
-1.0,1,28.669824
-1.0,1,28.704947
-1.0,3,28.82047
-1.0,1,28.857069
-0.9,2,28.906406
-1.0,1,28.943127
-1.1,2,29.017805
-1.2,3,29.114177
-1.0,1,29.154845
-1.0,1,29.185864
-1.2,3,29.263837
-1.1,2,29.324191
-1.0,1,29.34915
-1.0,1,29.380118
-0.9,2,29.456726
-1.0,3,29.539101
-1.0,1,29.569032
-1.0,1,29.598146
-1.0,1,29.620845
-0.9,2,29.681916
-1.0,3,29.784554
-1.1,2,29.822559
-1.1,2,29.889359
-1.0,3,29.975176
-1.0,1,30.009605
-1.0,1,30.042192
-1.0,1,30.070798
-1.0,1,30.107493
-1.1,2,30.179782
-0.9,2,30.237898
-1.0,1,30.25943
-1.0,5,30.451127
-1.0,1,30.470851
-1.0,1,30.503871
-1.0,1,30.543329
-0.8,5,30.651607
-1.1,2,30.72398
-0.8,3,30.824866
-1.0,1,30.865013
-0.9,4,30.975154
-1.2,7,31.230925
-1.0,1,31.261
-1.2,3,31.361246
-1.0,1,31.403522
-1.0,1,31.438895
-1.0,1,31.484959
-1.0,1,31.521065
-1.0,3,31.61956
-0.9,2,31.692892
-1.0,1,31.731068
-1.2,5,31.867466
-1.0,3,31.96277
-1.0,1,31.982525
-1.0,1,32.036428
-1.2,3,32.123141
-0.9,2,32.179934
-1.0,1,32.218053
-1.0,1,32.252539
-1.0,1,32.295606
-1.0,3,32.371151
-1.0,1,32.404207
-1.1,2,32.464912
-1.1,2,32.499682
-0.9,2,32.563887
-1.1,4,32.691681
-1.1,4,32.792492
-1.0,1,32.8268
-1.0,1,32.865048
-0.8,3,32.942319
-1.0,1,32.979864
-1.0,1,33.019711
-1.0,9,33.300993
-1.0,1,33.326009
-1.0,1,33.356193
-0.9,4,33.46219
-1.1,4,33.590481
-1.1,2,33.665353
-1.1,4,33.797448
-1.0,1,33.833238
-1.0,1,33.869081
-1.1,2,33.929996
-1.0,1,33.967221
-1.0,1,33.992879
-1.0,1,34.027738
-1.0,3,34.108127
-1.1,2,34.186641
-1.0,1,34.219996
-1.0,1,34.259201
-1.0,3,34.353471
-1.0,1,34-1.0,7,34-1.0,1,34-1.0,1,34.519727
-1.1,2,34-1.1,2,34-1.0,1,34-1.0,1,34-1.0,1,34-1.0,1,34-1.0,1,34-1.3,6,34.772458
-0.9,4,34.924261
-0.9,2,34.985524
-1.0,1,35.015395
-1.0,1,35.050446
-1.0,1,35.087322
-1.0,1,35.127941
-1.0,1,35.169268
-1.0,1,35.204592
-1.1,2,35.273465
-1.0,1,35.315046
-1.2,3,35.391407
-1.0,1,35.426369
-1.0,1,35.464122
-1.1,2,35.530786
-1.0,1,35.566363
-1.0,1,35.609555
-1.2,3,35.681681
-1.1,2,35.740196
-1.0,1,35.786233
-1.1,2,35.855943
-1.0,3,35.924436
-1.0,1,-0.9,6,36.0-1.0,3,36.070909
-1.0,1-1.1,4,36.302957
-1.1,2,36.359134
-1.0,1,36.407475
-0.7,4,36.521686
--1.0,11,36.615264-1.0,3,36.73253
-0.9,2,36.805261
-1.-0.6,7,36.978678
-1.1,4,37.099118
-0.8,3,37.191144
-1.0,1,37.209963
-0.8,3,37.310596
-1.1,2,37.372585
-1.0,3,37.466477
-1.0,1,37.509846
-1.0,1,37.5497
-1.2,3,37.626847
-0.9,4,37.724969
-1.0,3,37.826997
-1.0,1,37.864101
-1.0,1,37.90142
-0.9,2,37.96187
-1.1,2,38.021109
-1.0,1,38.058244
-0.7,6,38.236516
-0.9,4,38.363279
-1.1,2,38.440029
-1.3,6,38.621828
-0.7,4,38.770789
-1.0,1,38.804576
-1.0,3,38.886562
-1.4,5,39.026786
-0.8,5,39.163764
-1.0,1,39.20302
-1.1,2,39.273471
-1.0,3,39.389087
-1.1,2,39.463586
-1.0,1,39.484544
-1.1,2,39.559568
-1.1,2,39.623706
-1.1,2,39.69133
-1.1,2,39.739398
-1.0,1,39.757933
-1.0,1,39.792904
-0.9,2,39.843441
-1.0,1,39.887606
-0.8,3,39.953787
-1.0,1,39.988375
-1.0,1,40.025646
-1.0,1,40.060343
-0.8,3,40.15507
-0.9,2,40.230317
-0.9,4,40.347269
-1.0,7,40.577365
-1.2,3,40.669146
-1.0,1,40.710114
-1.0,1,40.751134
-1.2,3,40.813373
-1.0,1,40.857807
-1.0,1,40.892577
-1.1,6,41.08316
-1.2,3,41.173049
-1.0,7,41.425755
-1.0,1,41.465785
-1.0,1,41.494445
-1.0,1,41.533746
-1.0,1,41.579896
-1.0,1,41.624456
-1.0,1,41.659276
-0.9,2,41.719194
1.0,1,41.759707
-1.0,1,41.796418
-1.0,1,41.830641
-1.0,1,41.864343
-1.0,3,41.976223
-1.0,1,42.004803
-1.0,1,42.029247
-1.2,3,42.117643
-1.0,1,42-1.0,3,42-1.1,2,-1.1,4,42.228443
-1.0,1,42.2-1.0,7,42.522862
-0.9,2,42.581578
-1.0,5,42.737684
-1.0,1-1.3,10,42.806671
-0.8,5,42.965605
-1.0,1,42.996245
-1.0,1,43.027855
-1.0,1,43.070676
-0.9,2,43.132987
-0.9,4,43.278299
-0.8,3,43.349207
-1.0,1,43.390653
-0.6,5,43.53791
-1.0,1,43.570377
-1.0,1,43.60534
-0.9,2,43.672205
-1.1,2,43.727605
-1.0,1,43.769696
-1.0,1,43.807014
-1.0,1,43.842225
-0.9,2,43.-0.9,4,44.022344
-1.3,10,44.368524
-1.1,2,44.441981
-0.9,2,44.508282
-1.0,1,44.544286
-1.0,1,44.567007
-0.9,2,44.635484
-1.0,3,44.709743
-1.0,1,44.744453
-1.1,2,44.820751
-0.9,2,44.893979
-1.1,2,44.955241
-1.0,1,44.996135
-0.9,2,45.068827
-1.0,1,45.112268
-1.0,1,45.131578
-1.3,4,45.287213
-1.0,3,45.379133
-1.0,1,45.416847
-1.0,3,45.516166
-1.0,1,45.552676
-1.0,1,45.588199
-1.0,3,45.688921
-0.9,2,45.747826
-1.0,1,45.783227
-1.0,1,45.822639
-1.0,1,45.869894
-0.8,3,45.947968
-1.0,1,45.984996
-1.0,1,46.022736
-1.1,2,46.083776
-1.0,1,46-0.9,2,46-1.0,1,4-1.0,1,46.193977
-1.1,2,46.252805
-0.8,7,46.451715
-1.2,3,46.553003
-1.0,1,46.593047
-1.0,1,46.629908
-1.2,3,46.723318
-1.0,1,46.757667
-1.0,1,46.801887
-1.0,1,46.840605
-1.0,3,46.962604
-1.0,1,47.003733
-1.0,3,47.127528
-1.0,1,47.168656
-1.1,2,47.205228
-1.0,1,47.2549
-0.9,2,47.318079
-1.0,1,47.351658
-1.0,1,47.-1.0,3,4-1.1,2,47.-1.1,4,47.540189
-1.0,1,47.581495
-1.1,4,47.703682
-0.8,3,47.797478
-1.0,1,47.831211
-1-1.0,5,47.800131-1.0,5,48.025541
-0.9,12,48.360067
-1.3,4,48.491697
-1.0,1,48.529275
-1.1,2,48.573511
-0.8,7,48.795647
-1.0,1,48.825879
-1.0,1,48.855652
-1.1,2,48.931592
-1.0,1,48.955585
-1.0,3,49.049598
-1.1,2,49.087761
-1.0,3,49.167393
-1.0,1,49.207867
-0.7,6,49.407223
-1.0,1,49.432609
-1.0,3,49.525769
-1.1,2,49.570681
-1.0,1,49.615103
-1.2,3,49.69287
-1.0,1,49.728398
-1.0,3,49.800215
-1.0,1,49.823827
-1.1,2,49.900328
-1.0,1,49.938459
-0.9,2,49.997308
-1.0,1,50.035057
-0.9,2,50.092007
-1.0,1,50.140286
-1.0,3,50.237865
-1.0,1,50.276524
-1.1,4,50.37825
-1.0,1,50.41486
-1.1,4,50.523143
-1.0,1,50.566893
-1.0,3,50.663724
-1.1,2,50.721233
-1.1,2,50.801137
-1.0,1,50.837634
-1.2,11,51.1524
-1.1,8,51.355205
-1.2,3,51.456744
-1.0,1,51.493484
-1.0,1,51.517108
-1.0,1,51.555196
-1.0,5,51.729501
-0.9,2,51.805091
-0.9,2,51.862905
1.0,1,51.898655
-1.1,2,51.974592
-1.0,1,52.006908
-0.7,4,52.123555
-1.2,3,52.221833
-0.9,2,52.280604
-0.7,4,52.410618
-0.9,2,52.46903
-1.0,3,52.580218
-1.0,1,52.61559
-1.1,4,52.713827
-1.1,2,52.773338
-1.1,2,52.829311
-0.9,2,52.888802
-1.0,1,52.922596
-1.0,3,53.021293
-1.0,1,53.04285
-1.0,1,53.066822
-1.1,2,53.137049
-1.0,1,53.172677
-1.0,1,53.218127
0.9,4,53.323537
-0.9,4,53.440435
-1.0,1,53.477113
-1.1,4,53.621946
-0.9,2,53.68103
-1.1,2,53.743181
-1.0,3,53.825333
-1.0,1,53.863201
-0.9,2,53.918918
-1.0,3,54.005267
-1.0,9,54.328877
-1.0,1,54.369445
-1.1,4,54.454889
-1.0,1,54.497944
-1.0,1,54.530895
-1.0,1,54.565282
-1.0,1,54.604296
-1.1,2,54.683156
-1.1,4,54.781004
-0.9,2,54.837508
-0.9,2,54.915148
-0.9,2,54.980818
-1.0,1,55.003631
-1.0,1,55.042555
-1.0,1,55.086655
-1.0,1,55.122523
-1.0,3,55.200693
-0.9,2,55.274838
-1.0,1,55.312679
-1.1,2,55.391073
-1.0,1,55.426836
-1.0,1,55.457583
-1.1,4,55.592691
-1.1,4,55.71346
-1.0,3,55.825529
-0.8,5,55.965761
-1.3,4,56.092856
-1.0,1,56.135532
-1.1,2,56.190311
-1.0,1,56.226322
-1.0,9,56.517066
-1.0,1,56.55929
-1.0,1,56.596584
-1.0,1,56.635534
-1.2,3,56.733449
-1.0,1,56.774729
-1.0,1,56.79563
-1.0,1,56.835165
-1.0,3,56.944113
-1.0,1,56.978154
-1.0,1,57.009976
-1.0,3,57.098687
-1.0,1,57.13552
-0.9,2,57.177992
-1.0,1,57.215499
-1.1,4,57.32905
-1.1,2,57.406245
-0.9,2,57.467742
-1.1,2,57.529011
-1.0,1,57.572668
-1.0,1,57.606505
-0.8,3,57.702461
-1.0,1,57.740012
-1.0,1,57.782929
-0.9,2,57.844899
-1.0,3,57.959247
-1.1,4,58.074979
-1.3,4,58.189406
-1.0,1,58.228986
-1.0,3,58.347342
-1.0,1,58.370999
-1.0,1,58.408077
-1.3,4,58.530847
-1.0,1,58.564824
-1.0,1,58.607607
-1.0,1,58.642803
-1.0,1,58.685612
-1.0,3,58.779731
-0.9,6,58.974437
-1.0,1,59.010901
-1.0,1,59.048301
-0.9,2,59.10442
-1.0,1,59.13089
-1.0,1,59.169137
-1.1,2,59.224944
-0.8,5,59.378015
-1.0,1,59.419166
-1.0,1,59.461995
-1.0,1,59.499127
-1.0,3,59.612697
-0.9,2,59.658876
-0.9,2,59.719495
-1.0,1,59.757896
-1.0,1,59.783697
-1.0,1,59.821424
-1.1,2,59.898292
-0.9,4,60.015745
-1.0,1,60.03926
-1.0,1,60.077456
-1.1,2,60.13583
-0.9,2,60.214388
-1.-0.7,10,60.372653
-1.0,1,60.398112
-1.0,1,60.447055
-0.9,2,60.528887
-1.0,1,60.564087
-1.0,5,60.699795
-1.0,1,60.736395
-1.1,2,60.7-0.9,4,-0.5,6,60.972531
-1.0,1,61.009287
-1.0,1,61.046295
1.0,1,61.083387
-1.0,1,61.1-1.1,2,-1.0,1,61.1-1.0,3,61.207512
-1.0,1,-1.2,3,61.296395
-1.0,1,61.-1.1,2,6-1.0,3,61.433283
-1.0,1,61.46673
-1.1,2,61.516361
-1.0,1,61.554124
-1.0-1.1,6,61.666518
-0.8,3,61.76422
-1.0,1,61.80121
-1.6,9,62.07789
-1.3,4,62.215297
-1.1,6,62.352842
-1.0,3,62.426717
-1.1,2,62.499095
-1.1,2,62.577184
-0.9,2,62.651077
-1.0,1,62.693761
-1.0,1,62.729203
-0.9,2,62.803816
-0.9,4,62.905771
-1.0,1,62.940844
-1.1,4,63.045816
-1.0,1,63.068753
-1.1,4,-1.0,9,63.3-1.2,5,63.338839
-1.1,2,63.403023
-1.1,2,-1.4,5,63.585609
-1.1,2,63.674892
-1.0,1,63.7-1.4,5,63.747393
-1.0,1,-1.0,5,63.9-1.0,3,-1.0,1,63.9-1.0,1,-0.7,6,64.147728
-1.0,1,64.1-1.1,4,-1.0,7,64.413773
-1.0,1,64.453868
-1.1,2,64.537082
-1.0,3,64.633892
-1.1,2,64.674417
-1.0,3,64.738108
-0.9,2,64.794679
-1.0,1,64.831588
-1.2,3,64.931273
-1.0,1,64.-0.9,4,64.943097
-1.1,2,6-1.0,3,65.-0.9,8,65.241693
-1.3,4,65.38225
-1.2,3,65.47673
-1.0,1,65.515803
-1.0,1,65.552164
-1.0,1,65.589456
-1.0,1,65.630779
-1.1,4,65.-1.0,7,65.866364
-0.8,3,65.98272
-1.0,1,66.020555
-1.0,1,66.057383
-1.0,3,66.119807
-1.0,1,66.15134
-1.0,1,66.-1.0,3,66.202223
-1.1,2,6-0.8,3,66.-0.9,4,66.412485
-0.9,2,66.477389
-1.0,1,66.509036
-1.1,2,66.588188
-0.9,2,66.667226
-1.0,1,66.702652
-0.9,2,66.76041
-1.0,1,66.80072
-1.0,1,66.839218
-0.9,2,66.901161
-1.0,3,66.992004
-1.0,1,67.032816
-0.9,2,67.096681
1.0,1,67.13462
-1.0,3,67.211311
-1.0,1,67.24824
-1.0,1,67.268813
-0.9,2,67.345655
-1.0,1,67.389693
-1.0,3,67.47417
-1.0,3,67.560528
-0.8,3,67.658278
-0.9,4,67.768937
-1.0,1,67.808045
-0.9,6,67.962838
-1.0,1,68.001687
-1.0,1,68.0-0.9,4,68.175349
-1.0,1,68.218512
-1.0,1,68.255534
-0.9,2,-0.9,4,68.2-1.0,1,-1.0,3,68.377628
-1.1,2,68.455643
-1.0,3,68.570458
-1.0,3,68.692754
-1.0,5,68.824143
-1.0,1,68.868111
-1.1,2,68.953098
-1.0,1,68.98169
-1.3,6,69.134883
-1.0,1,69.163514
-0.9,2,69.205794
-1.0,1,69.233993
-1.0,5,69.389736
-1.1,2,69.450412
-1.0,1,69.485053
-0.6,7,69.695584
-1.0,1,69.721103
1.0,1,69.757146
-1.1,2,69.819034
-1.1,4,69.93349
-1.0,1,69.968456
-0.9,2,70.018481
-1.0,1,70.053821
-1.1,2,70.109486
-0.9,2,70.171178
-1.0,1,70.207996
-1.0,1,70.247993
-1.0,1,70.290753
-1.0,1,70.330922
-1.1,4,70.441606
-0.8,3,70.512146
-1.0,3,70.587465
-1.0,1,70.624737
-0.8,3,70.721329
-1.1,2,70.794891
-1.0,1,70.82111
-1.0,1,70.858863
-1.0,1,70.889879
-0.9,2,70.9651
-1.0,1,71.011026
-0.9,2,71.060671
-1.1,2,71.1-1.0,3,71.214519
-1.0,1,71.24764
-1.1,2,71.288242
,71.189387
-1.0,1,71.229584
