#{"t_start": 1748428079.6689258, "env_id": "None"}
r,l,t
-0.9,2,7.94696
-0.9,6,8.181103
-0.9,2,8.249504
-1.0,1,8.28666
-1-1.1,4,8.143909-0.9,4,8.467478
-1.0,1,8.510067
-1.0,1,8.535435
-1.1,2,8.593951
-1.0,1,8.631543
-1.0,1,8.657462
-0.9,2,8.715746
-1.1,2,8.774314
-1-1.0,3,8.579020.9,4,8.938888
-1-1.3,4,9.02328-0.9,2,9.029114
-1.0,1,9.074592
--1.1,2,9.153444--1.0,1,9.189816-1.0,1,9.218102
-1.1,2,9.279988
-1.0,1,9.307191--1.2,3,9.38905
-0.9,2,9.453642
-1.0,3,9.543754
-0.8,5,9.588927
-1.0,1,9.617146
-1.1,2,9.703943--1.1,6,9.851479
-0.9,2,9.92865
-1.2,5,10.070982
-0.8,3,10.152426
-1.0,1,10.1763
-1.2,3,10.241145
-1.0,5,10.357746
-1.2,9,10.588358
-1.0,1,10.623641
-1.0,1,10.652566
-1.0,1,10.679616
-1.0,1,10.705835
-1.0,1,10.73552
-1.1,2,10.78995
-0.9,4,10.88785
-0.9,2,10.946674
-1.0,1,10.987133
-0.9,2,11.053261
-1.0,1,11.086676
-1.0,1,11.11071
-1.0,1,11.138752
-1.0,3,11.206441
-1.0,1,11.238391
-1.1,4,11.345863
-0.9,4,11.436476
-1.0,1,11.463542
-1.0,5,11.612644
-1.1,4,11.723233
-1.0,1,11.746738
-1.0,1,11.77566
-1.0,1,11.81206
-1.0,3,11.902367
-1.0,1,11.951528
-1.1,4,12.094584
-1.0,3,12.185463
-1.0,3,12.269622
-1.0,1,12.295424
-1.0,3,12.376143
-1.1,2,12.430546
-0.8,3,12.490772
-1.0,1,12.524251
-1.0,1,12.55567
-1.0,1,12.589205
-1.0,5,12.740975
-1.0,5,12.855663
-1.1,2,13.00428
-1.0,1,13.048356
-1.1,2,13.107928
-0.9,2,13.156685
-1.0,3,13.225268
-1.0,3,13.307554
-1.0,1,13.338652
-1.0,1,13.371354
-1.0,1,13.403471
-1.0,1,13.43684
-0.9,2,13.487317
-1.1,4,13.590646
-1.0,1,13.619142
-1.1,2,13.674489
-1.0,1,13.70589
-1-0.9,6,13.799869
-1.0,1,13.829944
-1.1,2,13.895205
-1.0,1,13.920434
1.0,1,13.950444
-1.1,2,14.005941
-1.0,1,14.030634-1.3,4,14.137774
-1.0,1,14.171546
-1.0,1,14.201136
-1.1,2,14.24197
-1.1,2,14.290964
-1-1.1,2,14.295907-1.1,4,14.426689
-1.0,11,14.684841
-1.0,1,14.716289
-1.0,5,14.823669
-1.0,1,14.850483
-0.8,3,14.929477
-1.0,1,14.953449
-1.1,4,15.053967
-1.1,4,15.160596
-0.9,2,15.220255
-1.1,4,15.310235
-1.0,1,15.334885
-1.0,1,15.365307
-1.0,1,15.401794
-0.9,2,15.454171
-1.1,4,15.552606
-1.1,4,15.654154
-1.3,4,15.74988
-1.1,2,15.793797
-1.0,1,15.819304
-1.0,3,15.890894
-1.0,1,15.920324
-0.8,3,16.010166
-1.0,1,16.037878
-1.0,1,16.068569
-1.0,1,16.094635
-1.1,4,16.190392
-1.1,2,16.251047
-1.0,1,16.275655
-1.0,1,16.306515
-1.0,1,16.337999
-1.0,1,16.371462
-1.0,1,16.403042
-1.0,1,16.424867
-1.1,2,16.487036
-1.0,3,16.559193
-1.1,2,16.620451
-1.1,2,16.65404
-1.0,1,16.686098
-1.0,1,16.707932
-0.9,2,16.755913
-1.2,3,16.822917
-1.0,9,17.044489
-1.0,1,17.076635
-1.0,1,17.108422
-1.0,1,17.136435
-1.1,2,17.205083
-1.0,1,17.241034
-1.0,3,17.32002
-1.0,1,17.355018
-1.0,1,17.385591
-1.0,1,17.425905
-1.0,1,17.475-1.2,-1.2,5,18.242835
-1.0,1,18.276938
-1.1,2,18.340681
-1.1,4,18.446979
-1.3,4,18.574728
-1.0,1,18.603756
-1.1,2,18.668761
-1.0,1,18.709754
-0.9,2,18.870121
-1.0,1,18.8-1.2,9,19.051436
-1.1,2,-1.2,5,19.1-1.0,1,-1.0,1,19.202319
-1.0,1,19.-0.8,5,19.331494
-0.9,2,19.405083
-1.0,1,19.44141
-1.0,1,1-0.8,3,19.-1.0,3,19.567727
-1.0,1,19.59732
-1.1,2,19.649581
-1.1,2,19.698588
-1.0,3,19.80758
-1.2,3,19.88585
-1.2,3,19.967043
-1.2,3,20.045864
-1.0,1,20.068177
-1.0,1,20.100702
-1.0,1,20.132044
-0.9,2,20.195464
-1.0,3,20.28263
-1.1,2,20.342107
-1.0,1,20.369166
-1.0,1,20.414145
-1.0,5,20.541545
-1.0,1,20.569016
-0.9,2,20.631913
-0.7,6,20.780299
-0.9,2,20.834984
-1.2,5,20.947681
-1.2,7,21.134554
-1.2,5,21.28039
-1.1,2,21.334917
-1.0,1,21.365273
-1.0,1,21.395564
-1.0,3,21.468341
-1.0,1,21.499142
-1.0,1,21.529393
-1.0,1,21.554666
-1.0,1,21.58045
-1.1,2,21.632473
-1.2,3,21.714555
-1.0,1,21.74867
-1.1,2,21.800442
-1.0,1,21.83313
-1.0,5,21.965635
-1.0,1,22.001268
-1.0,1,22.032301
-1.1,2,22.08386
-1.1,4,22.167928
-1.2,3,22.245989
-1.0,1,22.281978
-1.0,1,22.314912
-1.0,1,22.347438
-0.9,2,22.383086
-1.0,1,22.407962
-1.2,11,22.684078
-1.0,1,22.715509
-1.0,3,22.789372
1.1,4,22.894597
-0.9,2,22.949304
-1.0,1,22.981922
-1.0,1,23.006277
-0.6,9,23.271997
-1.0,1,23.305319
-0.8,5,23.44616
-1.0,1,23.484708
-1.0,1,23.521466
-1.0,1,23.547447
-1.3,6,23.715712
-1.0,1,23.739694
-0.9,6,23.910297
-1.0,1,23.932239
-1.0,3,24.110735
-1.1,4,24.219326
-1.0,1,24.252545
-1.1,2,24.315621
-1.1,2,24.366532
-0.9,2,24.434237
-1.0,3,24.511137
-1.0,1,24.542217
-0.9,4,24.634132
-1.0,1,24.660523
-1.0,1,24.687964
-1.0,7,24.880861
-1.2,3,24.959307
-1.0,1,24.995543
-1.1,10,25.281219
-0.6,9,25.504282
-0.8,3,25.581761
-0.9,2,25.641823
-1.1,2,25.686114
-1.1,2,25.733285
-0.9,4,25.847594
-1.0,3,25.929284
-1.0,1,25.955219
-1.0,1,25.981704
-1.0,1,26.014797
-1.2,3,26.095579
-1.0,1,26.130059
-1.0,1,26.167105
-1.0,1,26.194093
-1.1,2,26.248001
-1.2,3,26.342123
-1.1,2,26.394954
-1.0,1,26.423343
-1.1,4,26.529436
-1.0,1,26.56671
-1.2,3,26.650031
-0.9,2,26.69948
-1.1,2,26.746993
1.0,3,26.821928
-1.1,2,26.882924
-1.0,3,26.969096
-1.0,1,26.997224
-1.0,1,27.021825
-0.8,3,27.117655
-1.1,2,27.700411
-1.0,1,27.733011
-1.0,3,27.796526
-1.0,1,27.820725
-0.8,3,27.885199
-1.0,1,27.915596
-1.0,1,27.947232
-1.0,1,27.978037
-1.0,1,28.00561
-1.0,1,28.033134
-0.9,2,28.097429
-1.1,2,28.147955
-1.0,1,28.169461
-1.0,1,28.202387
-1.0,3,28.290863
-1.0,1,28.328019
-1.0,1,28.366112
-1.0,1,28.395427
1.0,1,28.42042
-1.3,4,28.529978
-1.1,2,28.578219
-1.0,1,28.602124
-1.0,1,28.633626
-0.9,2,28.679958
-1.0,1,28.715174
-0.8,3,28.795267
-1.0,5,28.916656
-1.0,3,28.996174
-0.9,8,29.214781
-0.9,2,29.280919
-0.9,2,29.332363
-1.0,1,29.366269
-1.0,1,29.387823
-1.0,1,29.414367
-0.9,2,29.467605
-1.0,1,29.499448
-1.0,1,29.526608
-1.1,2,29.575667
-1.0,5,29.709256
-1.0,1,29.736981
-1.0,1,29.766348
-1.0,1,29.795121
-1.0,1,29.821129
-1.0,1,29.850054
-1.0,1,29.880955
-1.0,1,29.910718
-1.0,1,29.931606
-1.2,3,30.032451
-1.0,1,30.060698
-1.1,2,30.11151
-1.0,1,30.136566
-1.0,1,30.171741
-1.1,2,30.232012
-1.2,3,30.314276
-1.1,2,30.36393
-1.0,1,30.395744
-1.0,1,30.416232
-1.0,1,30.447159
-1.1,2,30.52334
-1.0,1,30.550806
-1.0,1,30.57267
-1.1,2,30.632761
-1.1,2,30.682005
-0.9,2,30.747013
-1.0,1,30.765466
-0.9,2,30.824249
-1.0,1,30.847049
-1.0,1,30.872154
-1.0,3,30.960324
-1.2,13,31.273823
-1.0,1,31.310086
-1.1,2,31.349974
-1.1,6,31.486537
-1.1,6,31.657839
-1.0,1,31.690863
-1.0,1,31.728232
-1.0,1,31.752081
-1.0,1,31.778105
-1.1,2,31.844106
-1.1,2,31.892902
-1.1,4,31.995061
-1.0,1,32.021583
-0.9,2,32.068766
-1.0,1,32.103608
-0.9,2,32.150914
-1.1,2,32.19369
-1.0,1,32.220392
-1.0,3,32.299875
-0.9,2,32.371803
-0.9,2,32.447157
-0.9,2,32.514612
-1.0,1,32.554814
-1.2,3,32.634554
-1.2,3,32.734463
-1.0,1,32.772807
-1.0,1,32.814651
-0.9,2,32.889261
-1.0,1,32.920076
-1.0,1,32.958235
-1.1,2,33.007614
-1.0,1,33.038244
-1.1,4,33.14812
-1.0,1,33.183627
-0.8,3,33.265853
-1.0,1,33.299662
-1.0,1,33.331723
-1.0,3,33.421258
-1.2,3,33.501127
-1.0,1,33.524887
-1.2,5,33.701217
-0.9,2,33.770024
-0.9,2,33.820889
-0.9,2,33.873267
-1.1,2,33.933569
-1.1,2,33.994916
-1.0,1,34.021535
-1.0,5,34.165158
-0.9,2,34.213296
-1.0,1,34.232774
-1.1,2,34.279448
-1.1,2,34.345567
-1.0,1,34.365075
-1.1,2,34.414625
1.1,2,34.462128
-1.0,1,34.49918
-1.0,1,34.528156
-1.0,1,34.550598
-1.1,2,34.613067
-1.1,2,34.674308
-1.0,1,34.698249
-1.0,1,34.716879
-1.0,1,34.739886
-1.0,1,34.769045
-0.9,2,34.833616
-1.1,2,34.887336
-1.1,2,34.947303
-1.1,2,35.000505
-1.0,1,35.032346
-1.1,4,35.150477
-1.3,4,35.261446
-1.1,2,35.302923
-1.0,1,35.331355
-1.1,6,35.480343
-1.0,1,35.509233
-1.0,1,35.53138
-0.8,3,35.614921
-0.8,5,35.746945
-1.0,1,35.763671
-1.0,1,35.795063
-1.0,1,35.813434
-1.0,1,35.83633
-1.0,1,35.860324
-1.0,1,35.889311
-1.0,1,35.914785
-1.0,3,35.989706
-1.1,2,36.049834
-1.0,1,36.078445
-0.9,2,36.133052
-1.0,1,36.15575
-0.9,2,36.200307
-1.0,1,36.232001
-1.2,3,36.312071
-1.0,3,36.381765
-1.0,1,36.404788
-1.0,1,36.437278
-1.0,1,36.465837
-0.9,2,36.505552
-1.0,1,36.537787
-1.0,1,36.565279
-1.1,2,36.618236
-1.0,1,36.649531
-1.0,1,36.678796
-1.1,2,36.732242
-1.0,1,36.764716
-1.0,1,36.786575
1.3,4,36.916053
-0.9,4,37.01613
-1.0,1,37.048542
-1.0,1,37.074853
-1.0,1,37.102782
-1.4,5,37.215076
-1.1,2,37.26727
-1.0,1,37.291426
-0.9,4,37.412709
-1.0,1,37.432586
-0.9,2,37.499425
-1.0,1,37.52752
-1.0,1,37.556319
-0.9,6,37.699677
-1.0,1,37.726661
-1.1,2,37.774719
-1.0,1,37.800661
-1.0,1,37.830243
-1.0,1,37.856986
-1.0,1,37.890134
-1.1,2,37.94633
-1.0,1,37.971075
-1.0,1,37.99767
-1.0,1,38.025264
-1.2,3,38.10519
-1.0,1,38.131016
-1.0,1,38.153504
-1.0,3,38.237014
-1.0,1,38.259524
-1.2,3,38.327368
-1.1,2,38.384842
-1.0,1,38.412643
-1.0,1,38.441202
-1.0,1,38.480393
-1.0,1,38.510514
-1.0,1,38.546589
-1.0,1,38.570596
-1.0,1,38.606231
-1.0,1,38.632707
-1.2,3,38.717201
-1.0,1,38.744854
-1.1,4,38.848509
-1.2,5,39.085461
-1.1,2,39.133276
-0.9,2,39.194853
-1.0,1,39.217855
-1.0,1,39.250027
-0.8,3,39.34499
-1.1,2,39.400197
-0.8,3,39.486463
-1.1,2,39.529717
-1.0,1,39.556079
-1.1,4,39.683984
-1.0,1,39.714472
-0.8,5,39.836186
-1.1,4,39.945342
-1.0,1,39.969776
-1.0,1,39.99946
-1.0,1,40.042831
-1.0,1,40.079628
-1.1,2,40.120022
-1.0,1,40.14609
-1.1,2,40.198762
-1.2,3,40.282955
-1.0,1,40.328074
-1.0,1,40.354223
-1.0,1,40.382468
-1.3,4,40.490263
-1.2,3,40.565533
-1.0,1,40.598577
-1.0,3,40.679439
-1.1,2,40.731217
-1.1,2,40.788258
-1.0,1,40.816249
-1.0,1,40.852134
-1.0,1,40.881127
-1.1,2,40.930339
-1.0,1,40.955364
-1.0,1,40.983342
-1.0,1,41.013391
-1.1,2,41.064801
-1.0,1,41.097983
-0.9,2,41.149882
-0.9,2,41.212003
-1.0,1,41.24974
-0.8,3,41.321926
-1.0,1,41.364509
-1.0,1,41.3953
-1.0,1,41.417374
-1.1,2,41.479441
-1.0,1,41.510794
-1.0,1,41.546573
-1.1,2,41.597355
-1.2,5,41.715971
-0.9,2,41.786521
-0.9,2,41.860043
-1.0,1,41.886017
-1.1,2,41.945817
-1.0,1,41.97212
-0.9,2,42.023996
-1.1,2,42.085524
-1.0,1,42.11689
-0.9,2,42.164312
-1.0,1,42.185687
-1.7,10,42.455601
-1.2,3,42.528343
-1.1,2,42.585003
-1.1,4,42.6978
-1.0,1,42.721344
-1.2,3,42.804309
-1.1,2,42.877726
-0.9,2,42.930778
-1.0,1,42.964298
-1.0,1,42.992912
-1.0,1,43.016987
-0.9,2,43.078646
-1.2,3,43.145351
-1.0,1,43.183539
1.0,1,43.209788
-1.2,5,43.349639
-1.2,3,43.448534
-1.0,3,43.52976
-1.0,1,43.565213
-1.0,1,43.591237
-1.2,3,43.678815
-1.0,3,43.763955
-1.0,1,43.794363
-1.0,1,43.822217
-1.0,3,43.900582
-0.9,2,43.955979
-1.0,3,44.048601
-1.1,2,44.098508
-0.9,2,44.154843
-1.0,1,44.183212
-0.9,2,44.250084
-1.0,1,44.279786
-1.0,1,44.308261
-1.0,1,44.33132
-1.0,3,44.412561
-1.3,6,44.570868
-1.0,1,44.598039
-1.0,1,44.631092
-1.0,1,44.650546
-1.1,2,44.709041
-1.0,1,44.745152
-1.0,1,44.770774
-1.0,1,44.81089
-1.0,1,44.832304
-1.1,2,44.875394
-1.1,4,44.987236
-1.0,1,45.014676
-1.0,1,45.040644
-1.0,1,45.078324
-1.0,3,45.149706
-0.9,2,45.204869
-1.0,1,45.237
-1.0,1,45.260594
-0.9,4,45.349687
-1.0,3,45.419994
-1.0,1,45.455848
-1.0,1,45.484056
-1.0,1,45.517082
-0.9,2,45.563814
-1.0,1,45.60111
-1.2,3,45.688858
-1.0,1,45.718572
-0.8,3,45.783561
-1.0,1,45.807162
-1.0,1,45.85016
-1.0,1,45.880242
-1.0,1,45.899891
-1.0,1,45.927977
-1.0,1,45.964433
-0.9,4,46.052762
-1.0,3,46.127654
-1.3,4,46.230076
-1.0,1,46.255936
-1.1,6,46.183305
-1.0,1,46.205871
-1.1,2,46.270898
-1.1,4,46.366322
-1.0,5,46.488542
-1.1,2,46.555436
-1.0,1,46.577321
0.8,5,46.692509
-1.0,1,46.711461
1.0,1,46.737427
-1.0,1,46.765951
1-1.2,5,47.130469
-1.0,1,47.16522-0.8,5,47.022331
-1.1,2,47.088742
-1.4,9,47.408536
-0.8,5,47.567581
-1.0,1,47.601041
-1.0,1,47.642598
-1.0,1,47.673086
-1.0,1,47.70061
-1.0,1,47.728434
-1.0,1,47.75507
-0.8,3,47.832561
-1.0,5,47.942564
-1.1,2,48.003585
-1.0,1,48.033024
-1.0,1,48.074858
-1.0,3,48.154614
-0.9,2,48.205189
-1.0,1,48.233057
-1.0,1,48.256154
-0.9,2,48.317972
-0.9,2,48.368591
-1.2,5,48.493956
-1.0,1,48.521416
-1.2,3,48.622711
-1.0,1,48.650158
-0.9,2,48.689291
-1.0,3,48.785342
-1.0,3,48.852869
-0.9,2,48.902946
-1.0,1,48.937183
-1.1,2,48.987719
-1.1,2,49.051308
-1.3,6,49.197018
-1.0,3,49.271201
-0.9,2,49.321164
-1.0,1,49.356105
-1.0,1,49.385588
-0.8,3,49.477078
-0.9,2,49.537229
-1.5,10,49.774215
-0.9,2,49.821729
-1.0,3,49.899081
-1.0,1,49.922391
-1.0,1,49.955731
-1.1,2,50.008647
-1.0,1,50.040814
-1.0,1,50.076156
-1.0,1,50.099459
-1.0,1,50.128623
-1.0,1,50.156304
-0.9,2,50.204967
-1.0,1,50.239029
-1.0,1,50.270214
-1.0,1,50.302952
-1.0,1,50.329924
-1.0,1,50.361312
-1.0,1,50.387758
-1.0,1,50.422778
-0.8,3,50.491377
-1.0,1,50.524271
-1.0,5,50.632391
-1.3,4,50.73674
-1.2,5,50.856773
-1.1,2,50.909878
-1.0,1,50.937422
-1.0,1,50.964635
-1.0,3,51.036-1.0-1.0,1,51.0660-0.9,2,51.345042
-0.8,3,51.398906
-1.0-0.7,4,51.2272-1.0,7,51.584065
-1.1,2,51.630745
-1.0,3,51.710365
-1.0,1,51.770926
-1.0,1,51.795807
-1.0,3,51.878575
-1.0,1,51.905478
-1.2,3,51.997998
-1.0,1,52.03032
-0.8,3,52.097209
-1.5,6,52.27794
-0.8,5,52.407228
-1.1,4,52.52806
-1.0,3,52.612055
-1.1,2,52.660397
-1.0,1,52.698337
-1.0,1,52.728366
-0.9,2,52.781509
-1.0,1,52.801442
-1.0,1,52.824863
-0.9,2,52.87913
-1.0,1,52.903986
-0.9,2,52.964483
-1.1,2,53.021617
-1.0,1,53.049083
-1.2,3,53.116597
-1.1,6,53.235622
-1.2,5,53.3622
-1.0,1,53.385431
-0.9,2,53.429797
-1.0,1,53.472649
-1.0,1,53.518219
-1.1,2,53.583684
-1.0,1,53.61816
-1.1,6,53.781623
-1.0,1,53.813377
-1.0,1,53.836099
-1.0,1,53.871889
-1.0,3,53.944675
-1.0,1,53.969129
-0.9,2,54.029506
-1.2,3,541.1,6,53.-1.2,3,5-1.2,3,53.-1.0,3,5-1.0,3,54.058723
-1.0,1,54.-1.0,3,5-1.1,2,54.-1.0,1,54.391246
-1.1,2,5-1.1,8,54.355065
-1.0,1,54.376973
-1.0,1,54.401994
-1.1,2,54.460068
-0.9,8,54.644353
-1.2,3,54.718866
-0.9,2,54.776603
-0.9,2,54.826541
-0.9,2,54.88841
-0.7,6,55.044089
-1.0,1,55.073267
-0.8,5,55.220904
-1.1,4,55.335225
-1.1,6,55.488724
-1.0,1,55.513622
-1.1,2,55.557756
-1.0,3,55.639089
-1.0,1,55.668218
-1.0,1,55.705646
-1.0,1,55.73563
-1.2,3,55.802538
-1.0,1,55.830901
-0.9,2,55.887913
-1.0,1,55.918501
-0.8,11,56.185649
-1.0,1,56.206785
-1.0,3,56.288433
-1.1,2,56.336503
-1.1,4,56.439667
-1.0,1,56.4692
-1.0,1,56.506619
-1.0,1,56.532775
-0.9,2,56.572565
-1.0,1,56.603109
-1.1,2,56.643687
-1.0,1,56.66926
-0.9,2,56.722552
-1.0,1,56.749059
-1.3,4,56.855446
-1.0,1,56.893501
-1.2,3,56.962598
-1.1,4,57.074027
-0.6,5,57.221084
-1.0,1,57.25156
-1.1,2,57.306809
-1.0,1,57.336052
-1.0,1,57.35582
-1.0,1,57.38398
-1.1,2,57.431867
-0.8,3,57.486761
-1.1,2,57.541858
-1.0,1,57.572874
-0.9,2,57.640514
-1.0,1,57.668422
-1.0,1,57.688364
-1.0,1,57.721874
-1.0,1,57.746395
-1.0,1,57.773066
-1.1,4,57.868975
-1.0,1,57.888378
-1.0,3,57.972484
-1.0,1,58.005273
-0.9,2,58.074608
-0.9,2,58.118428
-1.0,1,58.154828
-1.1,2,58.201617
-1.3,4,58.287772
-1.0,1,58.311767
-1.0,1,58.355594
-0.6,7,58.542539
-0.9,6,58.690027
-1.0,1,58.72084
-1.0,1,58.749379
-1.0,1,58.785505
-1.0,1,58.821542
-0.9,2,58.874364
-1.0,1,58.905915
-0.8,3,58.987393
-1.0,1,59.021216
-1.0,1,59.041244
-1.0,5,59.169188
-1.0,1,59.196786
-1.0,1,59.221215
-1.0,3,59.286622
-1.0,1,59.309444
-1.0,1,59.339012
-1.0,1,59.373355
-1.0,3,59.458186
-1.2,3,59.526864
-1.0,5,59.649611
-1.0,1,59.672514
-0.9,2,59.722544
-0.9,2,59.772703
1.0,3,59.851229
-1.0,1,59.872905
-1.0,1,59.895898
-1.0,1,59.921499
-1.0,1,59.954366
-1.0,1,59.973093
-1.0,1,60.005847
-1.0,1,60.040399
-0.9,4,60.121092
-1.0,1,60.142941
-0.9,4,60.240028
-1.0,1,60.268744
-1.0,1,60.28949
-1.1,2,60.340224
-1.0,1,60.373593
-1.1,2,60.420681
-1.0,1,60.452831
-1.0,1,60.473665
-1.0,3,60.547613
-1.0,5,60.667918
-1.1,2,60.716942
-1.0,3,60.801403
-1.0,3,60.887673
-1.0,5,61.015528
-1.4,5,61.136329
-0.8,3,61.234011
-0.9,4,61.353508
-0.9,2,61.405936
-0.8,13,61.742929
-1.0,1,61.77141
-1.3,4,61.873038
-1.0,1,61.908696
-1.0,1,61.955299
-0.9,2,62.001758
-1.0,1,62.039518
-1.0,1,62.059975
-1.0,1,62.087699
-1.0,1,62.122985
-1.3,6,62.279521
-0.8,3,62.36987
-1.0,1,62.410177
-1.0,1,62.450682
-1.0,3,62.543147
-1.0,7,62.758878
-1.1,2,62.822798
-1.0,1,62.855644
-1.0,1,62.882786
-0.9,4,62.988515
-1.0,1,63.020934
-1.0,5,63.135222
-1.1,2,63.2014
-1.0,3,63.28669
-1.0,1,63.310321
-1.0,1,63.335035
-1.0,1,63.354625
-1.0,1,63.389389
-1.1,2,63.450921
-1.0,1,63.487441
-1.1,2,63.542442
-1.0,1,63.573121
-1.0,1,63.603041
-1.1,2,63.651942
-0.8,3,63.720813
-1.0,1,63.754461
-0.9,2,63.805879
-1.0,1,63.842957
-1.0,3,63.921369
-1.0,1,64.0547
-1.2,3,64.136305
-1.0,1,64.17315
-1.1,4,64.276733
-1.0,1,64.317061
-1.0,1,64.339803
-1.0,1,64.371568
-1.0,1,64.400265
-1.0,1,64.439183
-1.2,3,64.505615
-1.0,3,64.588743
-0.9,4,64.717915
-1.0,1,64.756097
-1.0,1,64.793485
-0.9,2,64.846699
-1.2,3,64.942773
-1.0,1,64.971789
-0.8,3,65.05368
-1.0,1,65.087217
-1.0,1,65.1153
-1.1,2,65.154228
-1.0,1,65.188202
-1.1,2,65.240196
-1.0,1,65.268155
-0.9,4,65.372709
-0.8,3,65.453637
-1.0,1,65.473398
-1.0,1,65.506507
-0.9,2,65.55555
-1.1,2,65.620385
-1.0,1,65.649893
1,2,65.281155
-1.0,1,65.316722
-1.0,1,65.342775
-0.9,8,65.54741
-1.1,2,65.596112
-1.0,1,65.628797
-1.0,1,65.654319
-0.9,2,65.69835-1.-1.0,1,65.73398-0.9,4,65.839156
-1.0,1,65.871416
-1.0,1,65.900924
3
-1.0,1,65.876356
