#{"t_start": 1747757839.2502089, "env_id": "None"}
r,l,t
-1.2,5,9.394472
-1.0,3,9.511283
-1.0,1,9.538134
-0.9,2,9.59714
-1.0,1,9.618023
--0.8,3,9.647974--0.9,2,9.708049
-1.1,2,9.767035-1.0,7,9.920933
-1.0,1,9.961433
-1.0,1,9.99286
-1.0,1,10.020732
-0.9,2,10.091507
-1.0,1,10.111279
-1.0,1,10.145093
-0.8,5,10.253031
-1.1,2,10.310889
-1.0,5,10.440348
-1.2,3,10.54182
--0.9,4,10.628807--0.9,2,10.811912
-1.0,1,10.852081-1-1.0,3,10.926811-1-1.0,5,11.03134
-1.0,1,11.072699--1.0,5,11.217872
-0.9,2,11.277077
-1.0,1,11.306039-1.2,5,11.354244
-1.1,4,11.489486
-1.2,3,11.568396
-1.0,1,11.601445
-1.0,1,11.634018
-1.0,7,11.821649
-1.1,2,11.863319
-1.0,1,11.890547
-0.6,7,11.920884-1.1,2,11.972012
--1.2,5,12.117911
-1.1,2,12.167689
-0.8,3,12.261091
-0.9,4,12.369702
-1.1,4,12.486603
-1.0,1,12.51952
-1.0,1,12.548902
-0.8,3,12.629864
-1.0,1,12.666737
-1.0,1,12.701382
-1.1,6,12.873101
-1.1,2,12.908661
-1.0,1,12.933013
-1.0,3,13.012436
-1.0,3,13.093154
-1.0,3,13.182823
-1.0,3,13.272994
-1.1,2,13.322564
-0.8,3,13.433723
-1.1,2,13.503301
-1.0,3,13.60069
-0.9,2,13.653866
-1.2,7,13.846987
-1.3,4,13.932857
-1.0,1,13.96294
-1.0,1,13.993268
-1.1,2,14.037202
-1.2,3,14.117425
-1.1,6,14.276766
-1.1,4,14.37433
-0.9,2,14.430025
-1.0,1,14.457344
-1.0,1,14.483907
-0.7,10,14.709876
-1.0,1,14.745162
-1.1,2,14.807191
-1.0,1,14.836815
-1.0,3,14.92193
-1.2,3,15.006626
-1.0,1,15.043081
-1.0,1,15.069039
-1.0,1,15.096955
-0.9,2,15.150556
-1.2,3,15.238355
-0.7,4,15.337141
-1.1,2,15.387622
-1.0,5,15.513146
-1.2,3,15.592448
-1.1,2,15.646304
-1.0,1,15.679476
-1.1,2,15.721105
-1.0,1,15.746471
-0.9,2,15.793604
-1.0,1,15.816967
-1.1,8,16.012443
-0.9,2,16.076778
-1.0,1,16.109123
-1.0,1,16.144144
-1.0,1,16.169366
-1.1,2,16.212718
-1.0,1,16.24821
-0.9,2,16.291023
-0.9,4,16.400314
-1.1,2,16.453142
-0.7,4,16.555215
-1.0,1,16.587684
-1.0,1,16.612149
-1.0,1,16.641973
1.0,3,16.732816
-1.1,4,16.85288
-1.0,1,16.887218
-1.0,1,16.919606
-1.0,1,16.95106
-0.9,2,17.02256
-1.1,2,17.077913
-0.9,2,17.156793
-1.0,1,17.194956
-0.9,2,17.353893
-1.0,1,17.438374
-1.1,2,17.589011
-1.0,1,17.642733
-0.8,3,17.819834
-0.9,2,17.959072
-0.8,3,18.211048
-1.0,3,18.324065
-1.2,3,18.715686
-1.0,3,19.041054
-1.3,6,19.552572
-0.8,3,19.753799
-1.0,3,20.068817
-0.9,2,20.172523
-1.0,1,20.219856
-1.0,3,20.366833
-1.0,5,20.515481
-1.0,1,20.537694
1.1,2,20.583197
-0.9,2,20.643886
-1.0,1,20.667093
-0.9,2,20.714496
-1.1,4,20.842086
-1.0,3,20.921726
-1.0,1,20.957229
-0.8,3,21.061296
-0.9,2,21.10852
-0.8,3,21.194282
-0.9,4,21.319833
-0.9,4,21.41924
-1.0,1,21.442038
-1.0,1,21.476444
-1.0,1,21.512139
-1.2,3,21.621116
-0.9,2,21.682303
-1.0,3,21.75053
-1.0,1,21.78195
-1.0,1,21.810418
-1.0,1,21.83399
-1.0,1,21.865813
-1.0,3,21.944196
-1.0,1,21.968064
-1.0,1,21.999955
-1.0,1,22.025441
-1.0,1,22.059227
-1.1,2,22.115277
-0.9,2,22.176802
-1.5,8,22.368518
-1.0,1,22.396405
-1.0,1,22.423334
-1.1,2,22.488907
-1.0,3,22.575679
-1.0,1,22.597939
-1.0,1,22.623713
-0.9,2,22.67123
-1.0,1,22.703904
-1.0,1,22.743475
-1.0,1,22.777121
-0.9,2,22.830655
-1.0,1,22.866277
-1.0,1,22.892046
-1.0,1,22.917399
-1.3,4,23.032687
-1.2,3,23.120363
-1.0,1,23.148668
-1.0,3,23.216524
-1.0,1,23.241542
-0.8,3,23.333606
-1.0,1,23.375715
-0.8,3,23.465223
-1.1,2,23.518461
-0.9,2,23.574459
-1.1,2,23.63145
-1.1,2,23.685913
-0.9,2,23.734232
-1.0,1,23.76603
-1.1,2,23.831691
-1.0,1,23.85761
-0.9,4,23.962095
-1.0,1,23.986373
-1.0,1,24.018186
-1.2,3,24.088777
-1.0,1,24.127292
-1.1,2,24.173087
-1.1,2,24.231642
-1.1,2,24.280908
-1.1,6,24.430778
-1.0,3,24.536762
-0.9,4,24.665558
-0.9,2,24.709137
-1.0,1,24.731894
-1.2,5,24.872566
-0.9,2,24.926467
-1.2,3,25.000508
-1.0,1,25.035276
-0.9,2,25.09817
-1.0,3,25.186799
-1.0,1,25.213203
-1.0,1,25.232058
-0.9,4,25.327753
-1.0,1,25.349138
-1.0,1,25.377588
-1.3,4,25.484778
-1.0,1,25.512358
-1.1,2,25.582692
-1.0,1,25.606531
-1.0,1,25.635882
-1.0,5,25.758392
-1.0,1,25.78759
-1.0,3,25.865551
-1.0,1,25.902632
-1.0,1,25.927608
-1.0,1,25.958542
-1.0,1,25.983355
-1.0,1,26.013272
-1.0,1,26.048792
-1.3,4,26.146228
-1.0,1,26.17223
-1.1,2,26.221289
-1.0,1,26.253602
-1.0,1,26.282588
-1.0,1,26.308436
-1.0,1,26.34294
1.1,2,26.399759
-1.1,2,26.4553
-1.0,1,26.481371
-1.0,1,26.513494
-1.0,1,26.538885
-1.1,2,26.59514
-1.0,1,26.626832
-0.8,3,26.694697
-1.0,3,26.771752
-1.1,4,26.877374
-1.1,2,26.930376
-1.1,2,26.971068
-1.0,1,27.009651
-1.0,1,27.037225
-1.0,1,27.066855
-1.0,1,27.097658
-1.2,3,27.18315
-1.0,1,27.215147
-1.1,4,27.33325
-1.0,1,27.356283
-1.0,1,27.38006
-0.9,4,27.495539
-1.0,1,27.522951
1.0,1,27.553012
-0.9,6,27.690601
-1.1,4,27.797196
-1.0,1,27.839617
-1.0,1,27.872014
-0.9,2,27.925934
-1.0,1,27.953727
-0.8,3,28.041024
-0.9,2,28.09939
-1.1,4,28.193452
-1.0,1,28.223067
-0.9,4,28.326373
-1.0,1,28.369817
-0.9,6,28.518698
-1.1,2,28.574821
-1.0,1,28.600821
-1.0,1,28.634994
-1.0,1,28.672168
-1.0,1,28.692497
-1.0,1,28.711717
-0.9,4,28.816627
-1.1,2,28.872495
-0.9,4,28.97072
-1.0,1,29.002156
-1.3,6,29.182563
-0.8,3,29.254075
-0.9,2,29.30899
-1.1,2,29.363813
-1.1,2,29.408564
-0.9,14,29.781742
-1.0,1,29.811186
-1.0,3,29.890777
-1.0,3,29.94899
-0.9,2,30.017715
-0.9,2,30.079989
-1.1,2,30.138798
-1.1,2,30.175873
-1.0,1,30.210323
-1.0,3,30.29217
-1.1,4,30.438958
-0.9,2,30.498432
-1.0,1,30.536613
-1.0,5,30.692739
-1.3,4,30.811606
-0.9,4,30.905139
-1.0,3,30.979288
-0.9,2,31.042436
-1.1,2,31.107155
-0.8,3,31.197448
-1.1,2,31.267123
-1.0,1,31.302649
-1.0,1,31.333649
-1.1,2,31.407449
-1.1,4,31.52093
-0.6,9,31.766154
-1.0,1,31.798268
-1.2,3,31.874375
-1.2,3,31.962863
-1.0,3,32.047189
-1.0,3,32.133792
-1.2,3,32.235566
-1.0,1,32.27167
-1.0,5,32.446772
-1.0,1,32.485229
-0.8,3,32.583498
-1.0,1,32.622681
-1.1,2,32.683375
-1.1,4,32.793606
-0.9,2,32.85609
-1.0,1,32.894862
-1.2,3,32.980466
-1.0,1,33.003641
-0.9,2,33.059242
-1.0,1,33.086716
-0.8,7,33.299439
-1.0,1,33.333295
-1.0,3,33.396168
-1.0,1,33.4296
-1.0,1,33.466095
-0.8,3,33.549654
-1.0,1,33.579921
-1.1,4,33.696838
-0.8,3,33.787171
-0.8,3,33.87215
-1.0,5,34.017508
-1.0,1,34.04757
-1.0,1,34.077442
-1.0,1,34.10379
-1.0,1,34.133631
-1.0,1,34.155848
-1.0,1,34.183749
-0.9,2,34.232603
-1.0,1,34.266076
-1.0,1,34.292956
-1.1,2,34.344517
-1.2,5,34.482206
-1.3,6,34.684361
-0.9,2,34.733632
-1.0,3,34.793677
-0.9,4,34.916088
-1.0,1,34.960195
-1.1,2,35.018501
-0.9,2,35.072112
-1.0,1,35.109249
-1.0,1,35.133583
-0.9,2,35.193206
-1.0,1,35.222693
-1.2,3,35.282642
-0.8,5,35.412426
-1.0,1,35.446265
-1.0,1,35.478852
-1.0,5,35.613341
-1.2,5,35.746357
-1.0,1,35.767688
-1.1,6,35.933484
-1.0,3,36.017432
-1.0,1,36.05889
-1.1,2,36.11225
-1.0,1,36.137516
-0.8,7,36.318047
-1.0,3,36.413344
-0.9,4,36.54284
-1.0,1,36.580163
-1.0,3,36.676839
-1.0,1,36.717155
-1.0,1,36.745517
-1.1,2,36.793261
-1.0,3,36.888713
-1.0,1,36.912023
-1.1,2,36.985601
-1.2,3,37.065384
-1.2,3,37.151319
-1.0,1,37.188287
-1.0,5,37.312095
-1.0,1,37.344675
-1.0,3,37.426915
-1.2,3,37.512246
-1.0,1,37.539168
-1.1,2,37.597681
-0.9,2,37.650936
-1.0,1,37.683102
-1.0,1,37.713536
-1.1,2,37.786087
-0.9,2,37.846264
-1.0,1,37.873516
-1.0,5,38.02563
-1.0,1,38.045499
-1.1,2,38.101391
-1.0,1,38.132576
-1.0,1,38.154841
-1.0,1,38.191628
-1.0,1,38.214931
-1.0,3,38.300151
-1.1,2,38.345679
-0.9,2,38.418942
-1.0,1,38.455605
0.9,2,38.514719
-1.0,3,38.596245
-1.0,1,38.637939
-1.1,2,38.715749
-1.0,1,38.750175
-1.0,1,38.791943
-1.1,2,38.84542
-1.1,6,38.990941
-0.9,4,39.085369
-1.0,1,39.112259
-0.9,4,39.225189
-1.2,5,39.365126
-1.2,3,39.497711
-1.0,1,39.522576
-1.0,3,39.608605
-1.0,1,39.631448
-1.0,1,39.662464
-1.0,1,39.694285
-1.0,1,39.718084
-1.0,3,39.822843
-0.9,2,39.873463
-1.0,1,39.894213
-1.1,2,39.938306
-1.0,1,39.967205
-1.0,1,39.998544
-1.0,1,40.024024
-1.0,1,40.058786
-1.0,1,40.102172
-1.1,4,40.223089
-1.0,3,40.297973
-1.0,1,40.332944
-1.0,1,40.366571
-1.0,1,40.391878
-1.0,1,40.413159
-1.0,1,40.448078
-1.0,1,40.466941
-1.0,1,40.491828
-0.9,2,40.547585
-0.8,7,40.731491
-1.0,1,40.756199
-1.1,2,40.816412
-0.9,4,40.913638
-1.0,1,40.942475
-1.0,1,40.975144
-1.0,1,40.996015
-1.0,1,41.016823
-1.1,2,41.077335
-0.9,2,41.126487
-1.0,1,41.153247
-1.0,1,41.186754
-0.9,2,41.238856
-1.0,1,41.266224
-0.9,2,41.318583
-1.0,3,41.398703
-1.0,3,41.491606
-1.0,1,41.518184
-1.0,1,41.552498
-1.0,1,41.591686
-1.2,3,41.681889
-1.0,1,41.70829
-0.9,2,41.780559
-1.0,1,41.820252
-1.1,4,41.922613
-0.9,2,41.969643
-0.9,4,42.058919
-1.0,1,42.104593
-1.0,1,42.122068
-1.0,1,42.158552
-0.8,3,42.236463
-0.9,2,42.283095
-0.8,3,42.382131
-1.0,1,42.415152
-1.0,1,42.441017
-1.0,1,42.462816
-1.0,1,42.487267
-0.9,2,42.542964
-1.0,1,42.573909
-1.1,2,42.620303
-0.8,5,42.74582
-1.0,1,42.770164
-1.0,3,42.846796
-1.0,1,42.882421
-1.0,1,42.919365
-0.9,2,42.982332
-0.9,2,43.032792
-1.0,1,43.065896
-1.0,1,43.106698
-1.0,1,43.130327
-1.0,3,43.214884
-1.1,2,43.266743
-1.0,1,43.292696
-1.0,1,43.326118
-1.1,2,43.377878
-1.0,1,43.406489
-1.0,1,43.432324
-1.0,3,43.522568
-0.9,2,43.574152
-0.9,4,43.677733
-1.0,1,43.711265
-1.0,1,43.743697
-1.0,3,43.821411
-1.0,1,43.848029
-1.0,1,43.877518
-1.0,1,43.902944
-1.2,5,44.053198
-1.1,2,44.096624
-1.0,1,44.130827
-1.0,1,44.156063
-1.0,1,44.182923
-1.0,1,44.206808
-1.0,1,44.241652
-1.0,1,44.262613
-0.9,2,44.313218
-1.0,1,44.35103
-1.0,1,44.386531
-0.9,2,44.42835
-1.0,5,44.543931
-1.1,4,44.67228
-0.9,4,44.784394
-1.0,3,44.871438
-0.8,3,44.947172
-0.9,2,44.991397
-1.0,1,45.034168
-1.0,1,45.056348
-1.0,1,45.082774
-1.0,1,45.115466
-1.0,5,45.289006
-1.3,4,45.385793
-1.0,1,45.412179
-1.0,1,45.437609
-0.9,2,45.493341
-1.1,6,45.63212
-1.0,1,45.659004
-1.0,1,45.693591
-0.8,3,45.773552
-1.1,2,45.834929
-0.9,2,45.903305
-0.9,4,46.00657
-1.1,2,46.071969
-0.9,6,46.240287
-1.1,2,46.280211
-1.0,3,46.358377
-1.4,9,46.591202
-1.1,2,46.652812
-0.8,5,46.786627
-0.7,4,46.990963
-1.0,1,47.016816
-1.0,1,47.053206
-1.1,2,47.097826
-1.1,2,47.150747
-1.0,1,47.184196
-0.9,4,47.316767
-1.1,4,47.463837
-1.1,2,47.556744
-0.9,2,47.597363
-1.0,3,47.728471
-1.0,1,47.749797
-0.6,5,47.918067
-1.1,4,48.053666
-1.1,2,48.112203
-1.0,1,48.146448
-1.0,1,48.181326
-1.0,1,48.224634
-1.0,1,48.263201
-1.3,4,48.368441
-1.0,1,48.400339
-1.2,5,48.550476
-1.0,3,48.656339
-1.0,1,48.683681
-1.0,1,48.732813
-1.0,1,48.773576
-1.1,4,48.897063
-1.0,1,48.936391
-1.0,1,48.964829
-1.1,2,49.048243
-1.0,1,49.081383
-1.0,3,49.184207
-1.2,3,49.27739
-0.9,4,49.349514
-1.0,1,49.377463
-1.0,1,49.410662
-1.0,1,49.448215
-1.3,4,49.556829
-0.9,2,49.633263
-1.0,1,49.671176
-1.0,1,49.711053
-1.2,3,49.799985
-0.8,7,49.998798
-1.0,3,50.082514
-1.1,2,50.152022
-0.9,2,50.223336
-1.0,1,50.243408
-0.7,6,50.413147
-1.0,1,50.447239
-1.1,2,50.511509
-1.0,1,50.5477
-0.9,2,50.616774
-1.0,1,50.641052
-1.0,1,50.673564
-0.9,2,50.733833
-1.0,1,50.76736
-1.1,4,50.86858
-1.0,3,50.94985
-1.0,1,50.976685
-0.8,3,51.065231
-1.0,1,51.087009
-1.0,1,51.114044
-0.9,2,51.168141
-1.0,1,51.197034
-0.9,2,51.246936
-1.0,3,51.337973
-1.1,2,51.401936
-1.0,1,51.427977
-1.2,3,51.512721
-1.0,1,51.537043
-1.4,5,51.672166
-1.0,1,51.699343
-1.1,4,51.908172
-1.0,1,51.938715
-1.0,1,51.958743
-0.8,5,52.083097
-1.0,1,52.119633
-0.8,3,52.206512
-1.0,3,52.297434
-1.0,1,52.330756
-1.0,1,52.353178
-1.0,1,52.381142
-0.9,2,52.446294
-0.9,6,52.609056
-1.0,1,52.630428
-1.0,7,52.813267
-0.7,4,52.924181
-1.0,1,52.953424
-1.0,1,52.982117
-1.0,1,53.016011
-1.0,1,53.051002
-1.0,3,53.142116
-1.1,4,53.245659
-0.9,4,53.343971
-1.0,1,53.376438
-1.0,1,53.409404
-1.1,2,53.469759
-1.0,1,53.491649
-1.0,1,53.52559
-1.0,1,53.556943
-0.9,2,53.622475
-1.0,1,53.644238
-1.0,1,53.683225
-0.8,3,53.785701
-0.9,2,53.846366
-1.0,1,53.875017
-1.0,1,53.898899
-1.0,3,53.981519
-1.1,2,54.045591
-1.0,1,54.067483
-1.0,3,54.144331
-0.8,3,54.218462
-1.0,1,54.253473
1.1,4,54.347608
-1.0,5,54.4761
-0.8,3,54.548717
-1.0,1,54.572665
-1.0,1,54.603612
-1.0,1,54.638544
-1.0,1,54.667485
-1.0,1,54.701576
-0.8,5,54.817704
-1.0,3,54.910638
-1.0,1,54.940744
-1.0,1,54.967157
-1.0,1,54.998738
-1.0,1,55.032587
-1.0,1,55.057916
-1.0,1,55.080752
-1.0,1,55.110966
-1.0,1,55.13745
-1.0,3,55.232537
-1.0,1,55.26138
-0.9,2,55.331009
-1.0,1,55.358299
-1.0,1,55.386396
-0.9,4,55.495219
-1.1,2,55.548876
-0.8,5,55.682868
-1.0,1,55.714001
-0.9,2,55.774223
-0.8,3,55.869765
-1.1,2,55.924161
-1.2,3,56.001072
-1.0,1,56.027492
-1.1,2,56.080702
-1.0,1,56.116739
-0.8,3,56.202933
-1.0,1,56.230882
-1.0,1,56.265324
-1.0,1,56.306774
-0.9,2,56.352785
-1.0,1,56.390937
-1.1,2,56.456906
-1.0,1,56.487999
-1.0,1,56.517871
-1.0,1,56.552781
-1.1,2,56.59693
-1.1,2,56.658169
-1.0,1,56.68258
-1.0,1,56.717721
-1.0,1,56.758144
-1.0,3,56.828717
-1.0,1,56.856548
-0.7,4,57.002271
-1.0,1,57.044222
-1.0,1,57.095713
-1.0,1,57.130712
-1.0,1,57.152081
-1.0,1,57.190126
-1.0,1,57.217294
-1.0,1,57.256438
-0.9,2,57.298573
-1.1,2,57.367176
-0.9,2,57.411819
-1.1,2,57.477105
-0.9,2,57.526693
-0.9,2,57.597937
-1.0,1,57.633017
-1.0,3,57.70619
-1.0,1,57.728231
-1.0,1,57.767168
-1.0,3,57.853528
-1.0,1,57.87797
-1.0,1,57.91429
-1.0,3,58.011357
-1.1,2,58.068748
-1.0,1,58.107534
-1.0,1,58.146725
-1.0,1,58.173938
-1.1,4,58.271619
-1.0,1,58.312675
-1.1,2,58.360315
-1.0,1,58.39128
-0.9,2,58.447752
-1.0,1,58.476769
-1.1,2,58.521198
-1.0,1,58.554873
-1.0,1,58.5825
-0.8,7,58.766985
-1.1,2,58.824108
-0.9,2,58.880649
-0.8,3,58.973881
-0.9,2,59.013158
-1.0,3,59.091111
-1.0,1,59.117602
-0.8,3,59.192491
-1.0,1,59.216396
-1.1,2,59.26697
-1.0,1,59.300621
-0.9,2,59.347092
-1.0,1,59.382504
-1.0,1,59.423402
-1.0,1,59.443412
-1.0,1,59.475629
-1.2,3,59.546779
-1.0,3,59.621759
-1.0,1,59.654036
-1.1,2,59.713184
-1.0,1,59.741601
-1.0,1,59.763076
-1.0,1,59.786263
-1.0,1,59.821739
-0.9,2,59.886775
-1.0,3,59.973037
-0.8,3,60.041933
-0.9,2,60.09747
-0.9,4,60.221859
-1.1,2,60.2743
-0.9,2,60.331326
-0.8,3,60.417001
-1.0,1,60.445689
-1.2,5,60.583444
-1.0,1,60.614182
-0.8,3,60.711323
-1.0,1,60.748268
-1.0,1,60.773692
-1.0,1,60.802682
-1.0,3,60.882267
-1.1,2,60.955231
-1.3,4,61.0639
-1.0,1,61.099145
-1.1,2,61.151047
-1.0,1,61.185855
-1.1,2,61.246197
-1.0,1,61.270434
-1.0,1,61.291268
-0.8,3,61.388431
-1.2,3,61.475247
-1.1,6,61.627026
-1.0,1,61.651279
-1.1,4,61.747586
-0.8,3,61.832764
-1.0,1,61.862432
-1.0,1,61.902505
-1.1,2,61.942569
-1.0,1,61.978213
-1.0,5,62.102249
-1.0,1,62.136095
-1.0,1,62.157463
-1.0,1,62.199469
-1.0,1,62.235568
-1.0,1,62.271662
-0.9,2,62.337651
-1.0,1,62.376157
-1.1,4,62.501285
-1.0,1,62.538382
-1.0,1,62.57742
-1.0,1,62.607778
-1.0,1,62.641212
-1.0,1,62.683968
-1.0,1,62.720273
-1.1,2,62.772906
-0.9,4,62.899086
-1.0,1,62.941184
-1.1,2,63.012009
-1.0,3,63.112607
-0.8,3,63.188781
-1.0,1,63.22287
-1.0,1,63.246384
-1.1,2,63.313303
-0.9,2,63.359512
-0.9,4,63.470973
-1.0,1,63.501776
-0.9,2,63.551816
-1.0,1,63.578866
-1.0,1,63.61358
-1.0,1,63.646965
-1.0,3,63.743458
-0.9,2,63.79773
-0.9,4,63.899401
-1.0,7,64.091521
-1.0,7,64.281532
-1.0,1,64.309988
-1.0,1,64.345583
-1.0,3,64.443497
-1.0,1,64.483506
-1.0,1,64.517935
-1.0,3,64.590911
-0.9,2,64.646483
-1.0,1,64.682413
-1.1,2,64.728253
-1.0,1,64.768435
-1.2,5,64.909815
-1.0,1,64.951298
-0.9,2,65.026886
-1.1,8,65.325913
-1.0,1,65.356313
-0.8,5,65.533378
-1.1,2,65.622686
-0.9,2,65.696775
-1.0,1,65.743116
-1.0,1,65.792622
-0.9,2,65.862409
-1.2,11,66.231056
-1.0,3,66.331048
-1.1,4,66.448376
-1.0,1,66.490279
-1.2,3,66.586862
-1.0,3,66.692943
-1.0,1,66.720626
-1.0,1,66.742057
-1.0,1,66.767019
-1.0,1,66.800752
-1.0,1,66.8545
-1.0,1,66.881383
-1.0,1,66.919655
-1.0,1,66.949487
-1.2,3,67.057189
-1.0,1,67.086504
-1.0,1,67.111947
-1.2,5,67.254687
-1.0,1,67.284215
-0.9,2,67.347483
-0.9,4,67.47065
-1.2,7,67.659379
-0.8,3,67.751873
-0.9,2,67.820357
-1.0,1,67.842775
-1.1,4,67.956096
-1.0,3,68.067659
-0.9,4,68.166727
-0.9,6,68.34068
-0.9,2,68.415614
-1.0,3,68.503315
-1.0,1,68.536707
-1.0,1,68.560476
-1.1,2,68.622514
-0.9,2,68.683697
-1.2,3,68.766898
-1.0,5,68.907157
-1.0,1,68.935539
-0.9,2,68.993313
-0.9,6,69.14587
-0.9,2,69.214106
-1.0,1,69.237175
-0.9,2,69.2939
-1.0,1,69.321073
-1.0,1,69.352087
-1.0,1,69.390653
-1.0,1,69.42664
-1.0,1,69.452068
-1.2,5,69.592724
-0.9,2,69.643259
-1.0,1,69.663626
-1.2,3,69.742012
-1.0,7,69.924371
-1.0,1,69.956789
-1.0,1,69.985785
-1.0,3,70.061821
-1.1,6,70.226668
-1.0,3,70.319154
-1.0,1,70.342435
-1.0,1,70.372638
-1.0,1,70.399424
3,67.177484
-0.8,7,67.387347
-1.0,1,67.420338
1.1,2,67.478354
-0.9,2,67.532555
-1.0,3,67.608376
-1.2,3,67.695127
-1.0,1,67.732213
-1.0,3,67.82553
-1.1,2,67.88148
-0.9,2,67.93323
-1.1,2,67.997553
-1.0,1,68.022551
-1.0,1,68.073849
-1.0,1,68.112007
-1.0,3,68.178983
-1.0,1,68.212094
-1.0,1,68.244902
-0.9,2,68.290183
-1.0,1,68.324185
-1.0,1,68.348382
-1.0,1,68.379755
-0.9,2,68.449378
-1.0,1,68.481963
-1.0,3,68.567666
-0.7,4,68.689887
-0.7,4,68.803901
-1.0,1,68.828603
-1.0,1,68.857898
-1.0,3,68.941729
-0.9,2,68.999503
-0.9,2,69.042566
-1.3,4,69.147965
-1.0,1,69.185077
-1.1,4,69.301623
-1.1,2,69.363871
-1.1,2,69.43283
-1.0,1,69.456725
-0.9,2,69.519107
-1.0,1,69.542073
-1.0,1,69.566849
-1.0,5,69.693796
-0.9,2,69.748202
-1.0,1,69.773047
-1.1,2,69.828695
-1.0,1,69.857286
-0.9,2,69.898855
-1.0,1,69.930561
-1.0,1,69.962979
-0.9,2,70.022645
-1.1,2,70.068011
-0.9,2,70.125417
-1.0,1,70.151059
-1.0,1,70.179406
-1.0,1,70.204874
-1.1,2,70.269346
-1.1,2,70.325344
-0.9,2,70.378828
596
-1.0,1,68.558433
-1.0,1,68.586331
-1.0,1,68.620471
-1.0,1,68.660138
-1.0,1,68.683668
-0.9,2,68.738806
-1.2,5,68.876777
-1.0,3,68.956313
-1.0,1,68.99127
-0.9,4,69.086402
-1.0,1,69.108658
-1.0,1,69.140748
-1.1,2,69.213603
-1.2,3,69.291857
-0.9,2,69.351576
-1.0,1,69.383064
-1.0,1,69.423084
-1.1,2,69.484827
-0.9,2,69.533839
-1.1,8,69.739969
-1.0,1,69.762797
-1.0,1,69.796566
-1.3,6,69.953065
-1.0,1,69.986272
-1.0,1,70.011366
-1.0,1,70.036727
-1.0,1,70.058265
-1.0,1,70.091705
-1.2,7,70.28186
-1.0,1,70.317111
-1.0,3,70.396362
