#{"t_start": 1747751785.5006213, "env_id": "None"}
r,l,t
-0.9,2,6.844684
-1.0,1,6.8657
-1.0,1,6.879807
-1.0,1,6.89826
-1.0,1,6.922258
-1.0,1,6.948756
-1.0,1,6.972655
-0.9,2,7.003417
-1.0,3,7.057349
1.1,2,7.089715
-1.0,1,7.104012
-1.0,1,7.122128
-1.1,2,7.152675
-1.1,2,7.179574
-1.0,1,7.196293
-1.0,1,7.212685
-0.9,2,7.249058
-0.9,2,7.284899
-0.7,6,7.376374
-1.1,6,7.455916
-0.9,2,7.481822
-1.0,1,7.507788
-1.1,4,7.564784
-1.0,1,7.585023
-1.0,1,7.609614
-0.9,2,7.63854
-1.0,1,7.662896
-1.0,1,7.685844
-1.0,1,7.707747
-1.0,1,7.728797
-1.0,1,7.752394
-1.0,1,7.776222
-0.8,3,7.811943
-1.0,1,7.837049
-1.0,1,7.865782
-1.1,2,7.902403
-1.3,4,7.966531
-0.7,4,8.037503
-1.0,1,8.052385
-0.8,5,8.122086
-0.8,7,8.214278
-1.1,2,8.248457
-1.0,1,8.268107
-1.0,1,8.287938
-1.2,5,8.362974
-1.0,1,8.387524
-1.0,1,8.407035
-1.0,1,8.421269
-1.0,1,8.437639
-1.0,3,8.477813
-1.0,1,8.501449
-1.0,1,8.517713
-1.0,1,8.537098
-1.0,1,8.564056
-0.9,2,8.598518
-1.0,1,8.620556
-1.0,3,8.672991
-1.0,1,8.692726
-1.0,1,8.716354
-1.0,1,8.734454
-0.9,2,8.761377
-1.2,3,8.806968
-1.0,1,8.824996
-1.0,1,8.841676
-1.0,1,8.861642
-1.0,1,8.877399
-0.9,2,8.905746
-0.9,2,8.9315
-0.8,7,9.029234
-1.0,1,9.047707
-1.1,2,9.077109
-1.0,1,9.09025
-1.1,2,9.122133
-0.9,2,9.15151
-0.8,3,9.198526
-0.9,6,9.271383
-1.1,2,9.297411
-1.0,1,9.311698
-1.1,2,9.343536
-1.0,1,9.364033
-1.0,1,9.386993
1.0,1,9.407604
-1.1,2,9.449599
1.0,1,9.471488
-1.0,1,9.485684
-0.8,3,9.532167
-1.1,2,9.565212
-1.0,1,9.587443
-0.8,3,9.631222
-1.0,1,9.647299
-1.0,1,9.674034
-1.0,5,9.731644
-1.1,4,9.794345
-1.1,2,9.828714
-1.0,1,9.848206
-1.1,2,9.883706
-1.0,1,9.912977
-1.0,1,9.931697
-1.3,4,9.987635
-1.0,1,10.006538
-1.0,1,10.031493
-1.0,1,10.053002
-1.1,2,10.084913
-1.1,2,10.123564
-1.0,1,10.140867
-1.0,1,10.157241
-1.0,1,10.175974
-1.0,3,10.218548
-1.0,1,10.243186
-0.9,2,10.270882
-1.4,5,10.33601
-1.0,1,10.355819
-1.0,1,10.381525
-1.0,1,10.397015
-1.0,1,10.417889
-1.0,1,10.437728
-1.0,1,10.461729
-1.0,1,10.480686
-1.0,1,10.502111
-1.2,3,10.547599
-1.3,10,10.683501
-1.0,1,10.700666
-1.1,2,10.737098
-1.0,1,10.760198
-0.9,2,10.799755
-1.0,1,10.822654
-1.0,1,10.851331
-0.9,2,10.898939
-1.0,1,10.922738
-1.0,1,10.939228
-1.0,1,10.964757
-1.0,1,10.982544
-1.0,1,11.009249
-1.0,1,11.030694
-1.0,1,11.054324
-0.9,2,11.090162
-1.0,1,11.119392
-1.0,1,11.139941
-0.9,2,11.166079
-1.3,4,11.228447
-1.0,1,11.24676
-0.9,2,11.278197
-1.2,3,11.325558
-1.1,2,11.352751
-0.9,2,11.381169
-1.0,1,11.402217
-1.0,1,11.430443
-1.2,5,11.514633
-0.9,2,11.553405
-0.8,3,11.602668
-1.0,1,11.627937
-1.1,2,11.657979
-1.1,4,11.731106
-1.1,2,11.757646
-1.0,1,11.782927
-1.0,1,11.799433
-1.0,3,11.863381
-0.9,2,11.890354
-1.0,1,11.912898
-1.0,1,11.933879
-1.0,1,11.952395
-1.0,3,12.001136
-0.9,2,12.025817
-1.0,1,12.047004
-1.1,6,12.122917
-0.8,5,12.182703
-1.0,1,12.201495
-0.9,2,12.238933
-0.8,7,12.328274
-0.8,3,12.382158
-1.0,1,12.398063
-0.9,2,12.42913
-1.0,1,12.446608
-1.0,1,12.461974
-1.0,1,12.478543
-1.0,3,12.516835
-1.0,1,12.534566
-1.0,1,12.551168
-1.0,1,12.56647
-1.0,1,12.591266
-1.0,1,12.61367
-1.1,2,12.64154
-1.1,2,12.676068
-1.1,2,12.701833
-1.1,4,12.746511
-1.0,1,12.765722
-1.1,2,12.792166
-1.0,1,12.811856
-1.1,2,12.848707
-1.0,1,12.872207
-0.9,2,12.902059
-1.2,3,12.951379
-1.0,1,12.971221
-0.9,2,13.002525
-0.8,5,13.072453
-1.0,1,13.091442
-1.0,1,13.112862
-1.1,2,13.152353
-1.2,3,13.202744
-1.0,1,13.222694
-1.1,4,13.292116
-1.0,1,13.309653
-1.0,1,13.32706
-1.0,3,13.370559
-1.0,1,13.387863
-1.0,1,13.404701
-1.1,2,13.437385
-1.0,1,13.451711
-1.0,1,13.471935
-1.3,4,13.526778
-1.2,3,13.57112
-1.0,1,13.590764
-1.1,2,13.615753
-1.0,1,13.643122
-1.0,1,13.661081
-1.0,1,13.679167
-1.0,1,13.697466
-1.0,1,13.716203
-1.1,2,13.751143
-1.0,1,13.770742
-1.3,4,13.826498
-1.0,1,13.848927
-1.0,1,13.871946
-1.1,8,13.970257
-0.9,2,14.005195
-1.0,1,14.022956
1.0,1,14.04412
-1.1,2,14.082509
-1.0,1,14.102603
-1.0,1,14.126781
-1.0,1,14.150687
-1.0,1,14.169596
-1.0,1,14.188932
-1.0,1,14.206609
-1.0,1,14.224477
-1.0,1,14.242474
-1.0,3,14.28278
-1.1,2,14.306982
-1.0,1,14.326699
-0.8,3,14.366957
-1.0,1,14.381717
-0.8,3,14.41658
-1.1,2,14.447099
-1.0,1,14.461091
-1.0,1,14.482289
-1.1,2,14.524243
-1.0,3,14.566668
-1.0,1,14.587182
-1.0,1,14.602091
-1.0,1,14.620605
-1.0,1,14.641368
-1.1,2,14.67469
-0.9,4,14.736769
-1.0,1,14.756831
-1.0,1,14.782291
-1.2,3,14.821099
-1.0,1,14.835409
-1.0,1,14.854069
-1.0,1,14.873005
-1.0,1,14.892025
-1.0,5,14.957614
-1.1,4,15.01682
-1.1,4,15.062616
-1.0,1,15.081658
-1.0,1,15.097602
-1.1,6,15.168233
-1.1,2,15.196067
-1.1,2,15.227276
-1.0,1,15.243852
-0.8,3,15.288824
-1.1,2,15.318603
-1.1,4,15.365138
-1.0,1,15.382958
-1.0,1,15.401766
-1.0,3,15.448419
1.0,1,15.472556
-1.0,3,15.50873
-1.0,1,15.528158
-1.0,1,15.542943
-1.0,1,15.56288
-1.0,1,15.576651
-0.9,2,15.613405
-1.0,1,15.631525
-1.0,1,15.649357
-1.0,5,15.729618
-1.0,1,15.746775
-1.0,1,15.764557
-1.0,1,15.786404
-1.3,4,15.850434
-1.1,4,15.897326
-0.9,2,15.932489
-1.0,1,15.949538
-1.1,2,15.980901
-1.0,3,16.022986
-1.0,1,16.042386
-1.0,1,16.061701
-1.0,1,16.076555
-1.0,1,16.092275
-1.1,2,16.122468
-1.0,1,16.144223
-1.0,1,16.166547
-0.9,2,16.210503
-0.9,2,16.238723
-1.0,1,16.256068
-1.0,1,16.27247
-1.1,2,16.302277
-1.0,1,16.322969
-1.1,4,16.383633
-1.2,3,16.432868
-1.0,7,16.526999
-0.9,2,16.560527
-1.0,1,16.57742
-1.0,1,16.60088
-1.0,1,16.621888
-1.1,2,16.659242
-1.0,1,16.685516
-1.0,1,16.704
-0.9,2,16.733307
-0.9,6,16.823993
-0.9,2,16.853385
-1.0,3,16.9027
-1.1,2,16.932666
-1.0,1,16.956493
-1.1,2,16.988708
-1.0,1,17.012858
-1.0,1,17.035798
-0.9,2,17.071895
1.0,3,17.118152
-1.1,4,17.17239
-1.0,3,17.226997
-1.0,1,17.247141
-1.3,8,17.352719
-1.0,1,17.37157
-1.0,1,17.39243
-1.0,1,17.413136
-1.2,3,17.458133
1.0,1,17.476946
-1.0,1,17.493349
-1.0,1,17.510946
-1.1,4,17.561447
-1.0,1,17.581142
-1.0,1,17.596439
-1.0,1,17.615743
-1.1,2,17.648441
-1.1,2,17.677168
-1.0,3,17.711463
-0.9,2,17.74336
-1.0,1,17.763261
-1.0,1,17.798536
-1.0,1,17.82673
-1.0,1,17.843226
-1.0,1,17.870116
-1.1,2,17.898536
-1.0,3,17.948649
-1.0,1,17.972445
-0.9,2,18.009982
-1.0,3,18.046495
-1.0,1,18.070227
-1.0,1,18.105862
-1.0,1,18.12884
-1.1,2,18.18274
-1.0,1,18.20598
-1.1,2,18.234379
-1.1,2,18.268756
-1.0,1,18.295861
-1.0,1,18.317283
-1.0,1,18.341752
-1.1,4,18.401991
-1.0,3,18.477163
-1.0,1,18.508074
-1.0,1,18.577811
-1.1,2,18.631058
-1.1,2,18.68452
-1.0,1,18.714567
-1.0,1,18.745023
-1.0,1,18.774469
-1.0,1,18.793459
-1.0,1,18.869885
-1.0,1,19.012683
-1.1,2,19.06953
-1.0,1,19.103075
-1.0,3,19.201733
-1.0,1,19.279055
-1.0,1,19.341299
-1.1,4,19.425308
-1.0,3,19.509134
-1.0,1,19.543696
-1.2,3,19.630329
-1.0,1,19.737884
-1.0,1,19.772985
-1.2,3,19.844308
-1.0,3,19.951337
-1.1,2,20.012508
-1.1,2,20.07593
-1.1,2,20.123382
-0.9,4,20.219177
-1.0,1,20.248908
-1.0,1,20.279324
-1.0,1,20.320538
-1.0,1,20.343377
-1.0,1,20.366686
-1.0,1,20.412494
-1.0,1,20.437529
-1.1,2,20.486041
-1.0,3,20.564175
-1.0,1,20.583096
-1.0,1,20.63525
-0.9,2,20.687259
-1.0,1,20.713643
-0.9,2,20.769294
-1.0,3,20.830093
-1.0,1,20.867843
-1.0,1,20.898856
-1.0,1,20.929412
-1.0,1,20.96821
-1.0,1,21.00141
-1.0,1,21.030019
-0.8,3,21.1099
-1.0,1,21.139576
-1.0,1,21.194664
-1.0,1,21.235813
-1.0,1,21.282745
-1.1,2,21.33013
-1.0,1,21.353766
-1.1,2,21.390448
-1.1,2,21.417851
-1.1,2,21.447052
-1.0,1,21.470004
-1.0,1,21.488963
-1.0,1,21.508096
-0.9,2,21.557145
-1.0,1,21.582358
-0.9,2,21.653264
-1.0,1,21.686941
-1.0,1,21.713485
-1.0,1,21.735247
-1.1,2,21.788186
-1.3,4,21.865984
-1.0,1,21.892463
-1.0,1,21.91743
-0.9,2,21.969978
-1.0,1,21.987173
-1.0,1,22.014138
-1.0,3,22.064609
-1.1,2,22.102659
-1.0,3,22.201932
-1.0,1,22.248064
-1.0,1,22.28712
-1.0,1,22.329963
-1.0,1,22.369875
-0.9,4,22.469896
-1.1,2,22.494234
-1.0,1,22.52335
-1.1,2,22.589279
-1.0,1,22.630925
-1.0,1,22.663103
-0.9,2,22.712633
-1.0,3,22.780978
-1.1,2,22.853905
-1.0,1,22.901964
-1.0,1,22.933502
-1.1,2,22.97022
-1.0,1,22.996608
-1.1,2,23.040395
-0.9,2,23.082438
-1.5,8,23.210813
-1.0,1,23.233232
-1.2,3,23.31292
-1.0,1,23.346463
-1.1,2,23.385912
-0.9,2,23.422421
-1.0,3,23.47263
-1.0,1,23.492865
-1.1,4,23.54677
-0.9,6,23.641901
-1.1,2,23.671327
-1.0,1,23.696849
-1.0,3,23.752228
-1.0,1,23.769121
-1.1,2,23.800856
-1.0,1,23.817657
-1.0,1,23.838387
-1.0,3,23.893404
-1.0,1,23.918578
-0.9,2,23.953752
-0.8,3,24.001855
-1.0,1,24.023619
-1.0,1,24.040711
-1.0,1,24.058643
-1.0,3,24.103925
-1.0,1,24.121937
-1.0,1,24.138214
-1.2,3,24.188365
-1.0,1,24.215887
-1.1,2,24.247538
-1.0,1,24.27366
-1.0,1,24.29199
-1.1,2,24.321669
-1.0,1,24.341444
-1.0,1,24.365072
-1.0,1,24.384315
-1.0,1,24.402372
-1.0,1,24.422292
-1.0,1,24.43725
-1.0,1,24.461322
-1.0,1,24.478678
-1.0,1,24.498741
-1.0,1,24.518425
-1.1,2,24.551077
-1.0,1,24.572423
-1.0,1,24.589023
-1.1,2,24.616666
-1.1,2,24.652025
-1.1,2,24.679974
-1.0,1,24.696176
-1.1,2,24.725943
-1.1,2,24.757505
-1.0,1,24.782252
-1.0,1,24.80498
-1.0,1,24.821093
-0.8,3,24.872344
-1.0,1,24.890659
-1.0,1,24.909368
-0.9,2,24.937976
-0.9,2,24.966022
-1.0,1,24.982899
-1.0,1,25.004346
-1.0,1,25.027543
-1.0,1,25.050498
-1.0,1,25.085552
-1.0,1,25.108465
-0.9,2,25.180655
-1.2,3,25.252018
-1.0,1,25.293243
-0.8,3,25.352555
-1.0,1,25.37618
-0.9,4,25.444244
-1.0,1,25.472201
-1.0,1,25.493695
-0.8,3,25.544753
-1.2,3,25.594262
-1.0,1,25.619327
-1.1,4,25.684618
-0.8,3,25.726608
-1.1,2,25.7583
-1.0,1,25.779667
-1.0,1,25.799155
-1.0,1,25.819996
-1.0,1,25.842778
-1.0,1,25.861062
-1.0,1,25.880057
-1.0,1,25.914768
-1.0,1,25.933679
-1.1,4,25.994455
-0.8,3,26.052236
-0.9,2,26.088558
-1.0,1,26.105867
-1.0,1,26.130132
-1.0,1,26.148197
-1.1,2,26.186831
-0.9,2,26.23374
-1.1,2,26.270574
-1.0,1,26.28653
-1.0,1,26.311845
-1.0,3,26.357965
-1.0,1,26.385669
-1.0,1,26.411283
-1.0,1,26.427677
-0.9,2,26.481991
-1.0,1,26.520285
-1.0,1,26.539108
-1.0,3,26.600825
-1.0,1,26.622527
-1.0,1,26.653065
-1.0,3,26.712911
-0.8,3,26.772752
-1.1,2,26.814015
-1.0,1,26.831319
-1.0,1,26.850656
-1.2,3,26.8977
-1.0,1,26.920629
-1.0,1,26.93941
-1.0,1,26.959573
-1.1,4,27.014208
-1.1,2,27.041579
-0.9,4,27.104073
-1.0,1,27.126873
-1.1,4,27.183275
-1.0,1,27.203569
-1.0,1,27.228082
-1.0,1,27.247181
-1.0,1,27.276205
-1.0,1,27.292918
-1.0,1,27.310207
-1.0,1,27.328536
-1.0,1,27.349705
-1.0,1,27.372319
-1.0,1,27.387776
-1.0,1,27.407591
-1.0,1,27.425478
-1.1,2,27.455187
-1.0,3,27.494424
-1.0,1,27.513026
-1.0,1,27.547773
-1.0,1,27.568383
-1.0,1,27.592739
-0.9,2,27.626669
-1.1,2,27.672467
-1.0,1,27.693821
-0.9,2,27.724686
-1.1,2,27.75795
-0.9,2,27.787135
-1.0,1,27.814205
-0.8,3,27.853338
-1.0,1,27.877428
-0.9,2,27.907102
-1.0,1,27.929422
-1.1,2,27.961782
-1.0,1,27.979397
-1.0,5,28.066885
-0.9,2,28.101048
-0.9,4,28.188325
-1.0,1,28.207609
1.0,1,28.243156
-0.9,2,28.27145
-1.0,1,28.304635
-1.2,5,28.415482
-1.0,3,28.471649
-1.1,2,28.512543
-1.0,3,28.577442
-1.0,1,28.59625
-1.0,3,28.641559
-1.1,2,28.67089
-1.0,3,28.722124
-1.0,1,28.73908
-0.9,2,28.774249
-1.0,1,28.814369
-1.0,3,28.872974
-1.0,1,28.904869
-0.9,2,28.960812
-0.9,2,29.005106
-1.0,1,29.020791
-1.0,1,29.036335
-1.0,1,29.058316
-1.3,4,29.124077
-1.1,2,29.17391
-1.0,1,29.207053
-1.0,1,29.227467
-1.1,2,29.278629
-1.0,3,29.328549
-0.9,2,29.356649
-1.1,2,29.38976
-1.0,1,29.40763
-1.0,1,29.425808
-0.9,4,29.481435
-1.0,1,29.509056
-1.1,4,29.598976
-1.0,1,29.636833
1.0,1,29.665432
-1.0,1,29.687343
-1.0,1,29.708361
-1.0,3,29.751184
1.0,1,29.783404
-0.9,2,29.816051
-0.9,4,29.905044
-1.0,1,29.920412
-1.0,1,29.955197
-1.0,3,30.008259
-1.0,3,30.061395
-1.0,1,30.080954
-1.0,1,30.09912
-1.0,1,30.11823
-1.1,2,30.164409
-1.0,1,30.181107
-1.0,1,30.206967
-0.9,2,30.255848
1.2,3,30.296137
0.9,2,30.330777
-0.7,4,30.39197
-1.0,1,30.425546
-0.9,2,30.472824
-1.0,1,30.500339
-1.0,1,30.521328
-1.0,1,30.539814
-1.0,1,30.557058
-1.0,1,30.578563
-1.0,1,30.596
-0.9,4,30.657516
-0.9,2,30.692182
-1.2,5,30.77642
-1.0,1,30.801743
-1.0,1,30.816126
-1.0,1,30.839512
-1.0,1,30.862961
-1.0,1,30.890926
-1.0,1,30.915572
-0.7,4,30.995701
-1.1,2,31.043047
-1.0,1,31.064068
-1.0,3,31.114809
-1.1,2,31.154184
-1.1,2,31.21215
-1.1,2,31.262374
-1.0,1,31.282771
-1.1,4,31.351828
-1.0,1,31.377169
-1.1,2,31.407786
-1.1,4,31.484439
-1.0,1,31.503253
-1.0,3,31.562328
-1.0,1,31.582706
-1.2,3,31.619209
-1.0,1,31.636522
-1.0,1,31.65533
-1.0,3,31.701435
-1.0,1,31.717488
-1.0,1,31.731597
-1.0,1,31.752949
-1.1,2,31.791604
-1.0,1,31.818411
-1.0,1,31.83426
-1.0,3,31.881567
-1.0,1,31.896981
-1.1,2,31.932175
-1.0,1,31.951386
-1.0,1,31.971397
-1.0,1,31.988565
-1.1,2,32.015677
-1.0,1,32.041059
-1.1,6,32.127832
-1.0,1,32.141823
-1.0,1,32.167589
-1.0,1,32.190349
-1.0,1,32.211694
-1.2,3,32.247235
-1.0,1,32.262087
-1.0,1,32.283453
-1.1,2,32.322563
-1.1,4,32.36783
-1.0,1,32.387119
-1.0,1,32.401197
-1.0,1,32.422205
-1.0,1,32.441966
-1.0,1,32.466635
-1.0,1,32.484787
-1.1,2,32.521419
-1.1,4,32.579327
-1.0,1,32.595489
-1.1,2,32.621746
-0.9,2,32.649256
-1.0,1,32.666769
-1.2,5,32.742207
-1.1,2,32.783164
-1.0,1,32.807191
-1.0,1,32.830423
-1.0,1,32.849459
-1.0,1,32.868805
-0.9,2,32.902599
-0.9,2,32.935135
-0.9,2,32.967783
-1.0,1,32.980822
-1.1,2,33.011726
-1.0,3,33.047214
-1.0,1,33.073183
-0.9,2,33.102057
-0.8,5,33.181928
-1.0,3,33.230667
-1.0,1,33.247459
-1.0,1,33.267872
-1.0,1,33.285558
-1.0,1,33.304857
-1.0,1,33.332028
-1.0,1,33.356634
-1.0,1,33.375925
-1.0,1,33.394202
-1.2,3,33.464892
-0.9,2,33.526159
-1.0,1,33.542511
-1.2,3,33.600057
-1.0,1,33.619896
-1.0,1,33.639698
-1.0,3,33.690858
-1.1,2,33.727346
-1.0,1,33.746106
-1.0,1,33.769964
-1.0,3,33.823149
-1.0,1,33.85278
-1.0,3,33.895759
-1.0,3,33.951423
-1.0,1,33.970133
-1.0,3,34.018039
-1.0,1,34.033467
-1.1,2,34.070994
-0.9,2,34.101721
-1.0,1,34.134937
-1.1,2,34.163462
-1.1,2,34.198723
-1.0,1,34.231479
-1.0,1,34.252485
-1.0,1,34.277304
-1.0,1,34.296821
-1.0,1,34.319669
-1.0,1,34.339544
-1.0,1,34.358228
-1.0,1,34.376636
-1.0,1,34.392193
-1.1,2,34.423006
-1.0,3,34.487055
-0.8,3,34.552185
-1.0,3,34.592374
-1.0,1,34.617803
-1.0,1,34.637133
-1.0,1,34.653065
-1.0,1,34.673847
-1.0,1,34.705516
-1.0,1,34.731354
-1.0,1,34.745852
-0.9,2,34.782019
-1.0,1,34.801579
-1.0,1,34.817962
-0.9,2,34.847884
-1.0,1,34.864887
-0.9,2,34.897782
-1.1,2,34.937548
-1.0,1,34.956251
-1.0,1,34.972103
-1.0,1,34.997329
-1.1,4,35.056246
-1.0,1,35.073847
-1.0,1,35.096509
-0.9,2,35.137852
-1.0,1,35.156917
-0.9,2,35.182363
-1.0,1,35.198058
-1.2,3,35.252789
-1.0,1,35.279337
-1.0,1,35.297636
-1.0,1,35.321492
-1.0,1,35.340462
-0.9,6,35.424305
-1.0,3,35.47441
-1.0,1,35.497444
-1.1,2,35.538199
-1.3,4,35.603267
-1.0,1,35.622742
-0.9,2,35.662259
1.1,2,35.704727
-0.8,3,35.749253
1.0,1,35.768423
-1.1,2,35.80269
-1.1,2,35.837453
-1.0,3,35.893044
-1.0,1,35.911897
-1.0,1,35.932323
-0.8,3,35.988735
-1.1,2,36.027888
-1.0,1,36.050176
-1.0,1,36.067935
-1.0,1,36.087205
-1.0,7,36.200088
-1.1,2,36.234447
-1.0,1,36.254624
-1.1,2,36.282104
-1.1,2,36.318793
-0.9,2,36.350837
-1.2,3,36.401678
-1.0,1,36.4165
-1.1,2,36.454852
-1.0,1,36.482475
-1.3,6,36.570047
-1.0,1,36.590138
-1.0,1,36.606445
-1.0,1,36.626564
-1.0,1,36.652317
-1.0,1,36.671451
-0.9,4,36.733015
-1.0,1,36.746733
-1.0,1,36.761435
-1.1,2,36.79296
-0.9,2,36.821739
-1.1,4,36.876672
-1.0,1,36.902045
-1.0,1,36.921799
-1.0,1,36.948292
-1.0,1,36.966663
-1.0,1,36.986338
-1.0,1,37.002064
-1.0,1,37.021599
-0.9,2,37.048764
-0.9,2,37.077354
-0.9,2,37.103564
-1.0,1,37.121756
-1.0,1,37.143005
-1.0,1,37.167113
-1.1,2,37.197714
-1.1,4,37.257551
-1.0,1,37.277025
-1.0,5,37.35874
-1.0,1,37.375212
-1.1,2,37.401249
-1.1,2,37.427184
-1.0,3,37.474264
-1.0,1,37.48963
-1.0,1,37.51054
-1.0,1,37.529021
-0.9,2,37.561624
-1.0,1,37.588901
-1.0,1,37.606658
-0.9,2,37.641158
-1.0,1,37.660834
-1.0,1,37.676754
-1.0,1,37.697388
-0.9,2,37.726386
-0.9,4,37.788154
-1.0,1,37.806652
-1.0,1,37.82447
-1.0,1,37.842893
-1.0,1,37.859408
-1.1,4,37.917132
-0.8,3,37.962348
-1.1,2,37.995036
-1.0,3,38.040266
-0.8,3,38.083645
-0.9,2,38.12087
-1.0,3,38.172114
-1.0,1,38.194683
-1.0,3,38.230697
-0.9,2,38.265624
-1.1,2,38.296717
-0.9,2,38.331964
-0.9,4,38.400905
-1.0,1,38.427244
-1.0,1,38.45401
-1.0,1,38.474876
-1.0,3,38.522181
-1.0,1,38.544029
-1.0,1,38.564747
-0.9,2,38.598218
-1.0,3,38.649261
-1.0,3,38.686105
-1.0,1,38.702461
-1.0,1,38.720351
-1.0,1,38.737368
-1.2,3,38.786534
-1.0,1,38.802064
-1.0,1,38.818423
-1.0,1,38.837184
-1.1,2,38.874355
-1.0,5,38.936562
-1.0,1,38.957002
-0.9,6,39.044393
-1.0,1,39.063049
-1.1,2,39.099599
-1.0,1,39.114814
-1.0,1,39.134545
-1.2,5,39.21518
-1.0,1,39.231188
-0.9,2,39.266922
-1.0,1,39.292614
-1.0,1,39.313279
-1.0,3,39.366692
-1.2,3,39.417117
-1.0,1,39.436379
-1.2,3,39.477916
-0.9,2,39.513757
-1.0,1,39.546231
-0.9,2,39.584335
-1.2,3,39.626845
-0.9,2,39.660439
-1.0,1,39.677898
-1.1,2,39.706411
-1.0,3,39.757677
-1.1,2,39.794268
-0.9,2,39.821018
-1.0,1,39.838167
-1.0,1,39.85733
-1.0,1,39.872564
-0.9,2,39.921903
-1.0,1,39.948765
-1.0,1,39.976535
-1.2,7,40.077836
-1.1,2,40.107069
-1.2,3,40.157565
-1.0,1,40.175497
-1.3,4,40.247006
-1.1,2,40.276805
-1.1,2,40.323002
-1.0,1,40.344822
-1.1,2,40.371395
-1.0,1,40.390873
-1.0,3,40.441774
-1.0,1,40.460638
-1.0,1,40.47956
-1.0,1,40.498299
-1.1,2,40.526736
-0.9,2,40.5629
-1.0,1,40.583838
-1.0,1,40.611973
1.0,1,40.636347
-1.0,7,40.726991
-1.1,4,40.788978
-1.1,2,40.8171
-0.8,3,40.85828
-1.1,2,40.896712
-1.0,1,40.911671
-1.0,1,40.931675
-1.0,3,40.966598
-1.0,1,40.990564
-1.1,2,41.027133
-1.0,1,41.047089
-1.0,3,41.093113
-1.0,1,41.111075
-1.0,1,41.13607
-1.0,1,41.155771
-1.0,1,41.170965
-1.0,1,41.19103
-0.9,2,41.223454
-1.0,3,41.278652
-1.0,1,41.296608
-1.0,3,41.342746
-1.0,1,41.362188
-1.0,1,41.385527
-0.9,2,41.417335
-1.1,2,41.443516
-1.0,1,41.461984
-0.9,2,41.495631
-0.9,2,41.525036
-1.0,1,41.541705
-1.0,1,41.562904
-1.0,1,41.576322
-1.0,1,41.596772
-1.0,1,41.617197
-1.0,1,41.630925
-1.0,1,41.647084
-1.0,3,41.695336
-0.9,4,41.761871
-1.0,1,41.780659
-1.0,1,41.804739
-1.0,3,41.842924
-1.0,1,41.863204
-1.1,2,41.896905
-1.0,1,41.915771
-1.0,1,41.933847
-1.0,1,41.951755
-0.9,2,41.988106
-1.0,1,42.004025
-1.0,1,42.023802
-1.0,1,42.047657
-1.0,1,42.072824
-1.0,1,42.097304
-1.0,1,42.114954
-1.0,1,42.133788
-0.9,2,42.166217
-1.1,2,42.19937
-1.1,2,42.22684
-1.0,1,42.246635
-1.0,1,42.262761
-1.0,1,42.280922
-1.0,1,42.301823
-1.0,1,42.316908
-1.0,1,42.344825
-1.0,1,42.364229
-1.0,1,42.381897
-1.2,5,42.450127
-1.1,4,42.502641
-1.1,2,42.530343
-1.0,1,42.551087
-1.0,1,42.570028
-1.0,1,42.590915
-1.0,1,42.607108
-1.0,1,42.622939
-1.0,1,42.647706
-1.0,1,42.667074
-1.1,2,42.697034
-0.9,2,42.732732
-1.1,2,42.757823
-0.9,6,42.836269
-1.0,5,42.906476
-1.0,1,42.932761
-1.0,1,42.952216
-1.0,1,42.967373
-0.9,6,43.049031
-1.0,1,43.066408
-1.1,4,43.127673
-0.9,2,43.166954
-1.0,3,43.217386
-1.0,1,43.232788
-1.0,1,43.251669
-1.0,1,43.272222
-1.0,1,43.286687
-1.1,2,43.316395
-1.1,2,43.349852
-1.0,3,43.397189
-1.0,1,43.413113
-1.0,3,43.448454
-1.0,1,43.467219
-1.0,1,43.491675
1.1,2,43.535223
-1.1,4,43.585744
-1.0,1,43.60534
-1.0,1,43.622297
-1.0,1,43.643688
-1.0,1,43.66303
-1.0,1,43.684767
-1.0,1,43.704274
-1.0,3,43.746132
-1.1,2,43.780829
-1.0,1,43.804056
-1.1,2,43.832292
-1.0,1,43.84662
-1.0,1,43.867143
-1.0,1,43.885632
-1.0,1,43.902899
-0.9,2,43.932979
-1.1,2,43.955716
-0.8,3,44.012436
-1.1,2,44.047967
-1.0,1,44.066329
-1.0,1,44.084837
-1.0,1,44.10028
-1.0,1,44.117106
-1.2,5,44.181957
-1.1,2,44.211669
-1.0,1,44.227099
-1.0,1,44.248491
-1.0,1,44.272471
-1.0,1,44.292506
-1.0,3,44.348545
