#{"t_start": 1747382598.029586, "env_id": "None"}
r,l,t
-1.0,3,12.642541
-1.0,3,12.728468
-1.0,1,12.751062
-1.0,1,12.799853
-1.0,1,12.825769
-1.0,1,12.849273
-1.1,2,12.895818
-1.0,1,12.945691
-1.1,2,13.005534
-1.0,1,13.028095
-1.0,1,13.051493
-1.0,1,13.098241
-1.0,3,13.21897
-0.9,2,13.270219
-1.1,2,13.33534
-1.0,1,13.352354
-1.0,1,13.377094
-1.0,1,13.419262
-1.0,1,13.445934
-1.0,1,13.468203
-0.9,2,13.532095
-1.0,1,13.553915
-1.0,1,13.576257
-1.2,3,13.664009
-1.1,2,13.706349
-0.9,2,13.750768
-1.1,4,13.961799
-0.7,4,14.179435
-1.1,2,14.251612
-1.0,1,14.274082
-1.0,1,14.298699
-0.9,4,14.424147
-1.0,1,14.455103
-1.0,1,14.480972
-1.0,1,14.504012
-1.0,1,14.530478
-0.9,2,14.625859
-1.0,1,14.652101
-1.2,3,14.734667
-1.0,1,14.798459
-1.0,1,14.823091
-1.1,2,14.882473
-1.2,3,14.970964
-1.1,2,15.028188
-1.0,1,15.050469
-1.0,1,15.073221
-1.0,1,15.127294
-1.0,1,15.156908
-1.0,1,15.216941
-1.0,1,15.2419
-0.9,2,15.306103
-1.0,1,15.329961
-1.0,1,15.381379
-1.0,1,15.406427
-1.0,5,15.621593
-0.9,2,15.688439
-1.0,1,15.714159
-1.0,1,15.73739
-1.0,1,15.761712
-1.0,1,15.805343
-0.9,2,15.863319
-1.0,1,15.903966
-1.1,2,15.984377
-1.1,2,16.062151
-1.2,3,16.221662
-1.0,1,16.251295
-1.2,3,16.334992
-1.0,1,16.357841
-1.0,1,16.381186
-1.0,1,16.407325
1.0,1,16.433022
-1.0,1,16.456375
-0.9,2,16.528636
-1.0,1,16.55176
-1.0,1,16.573676
-1.1,2,16.645898
-0.9,4,16.815478
-1.0,1,16.842722
-1.0,9,17.208525
-1.0,1,17.268498
-1.0,1,17.301155
-1.0,1,17.329387
-1.0,1,17.357357
-0.9,2,17.433181
-1.0,1,17.463596
-0.9,2,17.536628
-1.1,2,17.672212
-1.3,4,17.872997
-1.0,1,17.910342
-1.0,1,18.003108
-1.1,2,18.09839
-1.0,1,18.147856
-1.0,1,18.188231
-1.1,4,18.480151
-1.0,1,18.510626
-1.0,1,18.568216
-1.0,1,18.606686
-1.1,2,18.769947
-1.0,1,18.819665
-1.1,4,19.149005
-1.0,1,19.197884
-1.0,1,19.237985
-1.0,1,19.276405
-1.0,1,19.316898
-1.0,1,19.356755
-1.4,5,19.791923
-1.0,3,19.980128
-1.1,4,20.128587
-1.0,1,20.153418
-1.2,3,20.310217
-1.0,1,20.337325
-1.1,2,20.41003
-0.9,2,20.460017
-1.0,1,20.502874
-1.0,3,20.592163
-1.0,1,20.616899
-1.3,4,20.81409
-1.0,1,20.917404
1.0,3,20.999216
-1.0,3,21.098044
-1.0,1,21.141776
-1.0,1,21.169533
-1.2,3,21.290122
-1.0,3,21.401523
-1.1,2,21.475048
-1.0,1,21.498402
-1.0,1,21.530567
-1.0,3,21.624403
-1.0,3,21.724458
-1.0,1,21.770401
-1.0,1,21.799322
-1.0,1,21.824041
-1.0,3,21.947107
-1.0,1,21.980573
-1.0,1,22.011254
-0.9,2,22.082656
-1.1,2,22.126886
-1.0,1,22.154695
-1.0,1,22.207956
-1.1,2,22.281492
-1.3,6,22.531181
-1.1,2,22.626564
-1.0,1,22.661492
-1.2,3,22.79281
-1.1,2,22.849591
-1.0,1,22.880034
-1.2,3,22.977565
-1.0,1,23.005869
-1.0,1,23.067682
-1.0,1,23.112355
-1.1,10,23.332933
-1.0,1,23.357605
-1.1,2,23.41008
-1.0,1,23.433272
-1.0,1,23.457983
-1.0,3,23.524148
-1.0,1,23.546365
-0.8,3,23.623441
-0.9,2,23.699148
-1.0,1,23.728925
-1.1,2,23.784366
-1.1,2,23.827389
-1.0,1,23.850293
-1.1,2,23.891954
-1.0,1,23.914199
-1.0,1,23.948618
-1.0,1,23.973597
-1.0,1,24.014463
-0.8,3,24.118604
1.0,1,24.149692
-1.2,3,24.273801
-0.9,4,24.489862
-1.1,2,24.559156
-1.2,5,24.707712
-1.1,2,24.774124
-1.0,1,24.805557
-1.0,3,24.881104
-1.0,1,24.904764
-1.0,1,24.927365
-1.0,1,24.952562
-1.0,1,24.976946
-1.0,5,25.147762
-1.2,3,25.241949
-1.0,1,25.265393
-1.0,1,25.288402
-1.1,2,25.331387
-1.0,1,25.355369
-1.0,1,25.377876
-1.1,2,25.444716
-1.1,2,25.509977
-1.1,6,25.746138
-1.1,4,25.834389
-1.0,1,25.867582
-0.9,2,25.946371
1.0,1,25.975067
-1.0,1,26.00186
1.1,2,26.04707
-0.9,2,26.107933
-0.8,5,26.326815
-1.0,1,26.371048
-1.0,1,26.39967
-1.1,2,26.480024
1.0,1,26.519891
-1.0,3,26.602147
-1.0,3,26.72028
-1.2,3,26.792684
-0.9,2,26.864229
-1.0,1,26.887481
-1.0,1,26.911289
-1.0,1,26.942094
-1.2,3,27.082101
-0.9,4,27.244549
-1.1,2,27.291657
-1.0,1,27.317084
-1.1,2,27.369991
-1.0,1,27.40238
-1.0,1,27.431192
-1.0,1,27.454657
-1.0,1,27.520837
-1.2,3,27.639027
-0.9,2,27.716648
-1.0,1,27.741847
-1.2,3,27.805246
-1.0,1,27.83084
-1.0,1,27.859097
-1.0,1,27.886348
-1.0,1,27.950639
-1.0,1,27.980567
-1.1,4,28.091187
-1.0,1,28.113512
-1.0,1,28.137743
-1.0,1,28.160937
-1.0,5,28.271955
-1.3,4,28.446377
-1.0,1,28.473614
-1.1,2,28.548854
-1.0,1,28.573048
-1.2,5,28.744655
-1.0,1,28.771703
-0.9,6,29.00913
-1.2,3,29.113224
-1.0,1,29.141631
-1.0,1,29.165601
-1.0,1,29.19545
-1.1,2,29.262475
-1.0,1,29.289576
-1.1,2,29.336017
-1.0,1,29.360584
-1.0,1,29.385078
-1.1,2,29.450546
-1.2,3,29.568321
-1.0,1,29.598014
-1.4,5,29.744778
-1.0,1,29.776198
-1.0,1,29.802026
-1.1,2,29.858515
-1.0,1,29.886847
-1.0,1,29.913812
-0.9,2,29.965484
-0.9,2,30.032264
-1.0,1,30.055684
-1.0,3,30.145859
-1.1,2,30.226579
-1.0,1,30.250261
-1.0,1,30.273843
-1.1,2,30.322116
-1.0,1,30.348982
-1.0,1,30.379203
-1.2,3,30.519125
-1.0,3,30.639798
-1.1,2,30.697256
-1.0,3,30.761958
-1.0,1,30.797236
-1.0,3,30.963357
-1.1,2,31.045238
-0.9,2,31.11255
-1.3,4,31.275372
-1.1,6,31.539596
-1.0,1,31.578258
-1.0,1,31.646236
-1.0,1,31.680181
-0.9,2,31.767884
-1.0,1,31.813781
-1.1,2,31.902392
-1.0,1,31.935221
-0.9,2,32.015264
-1.0,1,32.05468
-1.0,1,32.084536
-1.0,1,32.110487
-1.0,1,32.136816
-1.0,1,32.191698
-1.0,1,32.224333
-1.1,2,32.281542
-1.0,1,32.31127
-1.1,2,32.381084
-1.0,1,32.404415
-1.0,1,32.43006
-1.0,1,32.460281
-1.0,3,32.634896
-0.9,2,32.812054
-1.0,1,32.860631
-1.0,1,32.913596
-1.0,3,33.053092
-1.1,2,33.218715
-1.0,1,33.305029
-1.0,1,33.365018
-1.1,2,33.466445
-1.0,1,33.503924
-0.8,3,33.631968
-1.0,1,33.665104
-0.9,4,33.884137
-1.0,3,34.145361
-1.0,1,34.197487
-1.1,2,34.305189
-1.1,2,34.486799
-1.1,2,34.596195
-1.0,1,34.645913
-1.0,1,34.690531
-1.1,2,34.786891
-1.0,1,34.821227
-1.0,5,35.038965
-0.9,4,35.160717
-1.1,2,35.254002
-1.0,1,35.282494
-1.0,1,35.329868
-1.0,1,35.356652
-0.9,2,35.43617
-1.0,1,35.46237
-1.0,1,35.499344
-0.9,2,35.573612
-0.8,5,35.818444
-1.0,1,35.858214
-1.0,1,35.927765
-1.0,9,36.364632
-1.0,1,36.403679
-1.0,3,36.511799
-1.1,2,36.594071
-1.1,2,36.661387
-1.0,1,36.725351
-1.0,1,36.791555
-1.1,2,36.867266
-1.0,1,36.89263
-1.0,1,36.940696
-0.9,2,37.026598
-1.1,2,37.071153
-1.1,4,37.183496
-1.1,4,37.360793
-1.0,1,37.384737
-1.0,1,37.439134
-1.0,1,37.495718
-1.0,1,37.528014
-1.0,3,37.691789
-1.0,1,37.717507
-1.0,1,37.745777
-1.0,1,37.801586
-1.0,1,37.832811
-1.0,1,37.85804
-1.2,3,37.978426
-1.0,1,38.002244
-1.0,3,38.071899
-1.0,3,38.195798
-1.0,3,38.273919
-1.0,1,38.312928
-1.0,1,38.343078
-1.0,3,38.410332
-0.9,2,38.467592
-1.0,1,38.495283
-1.0,1,38.528022
-1.0,1,38.554277
-1.0,1,38.57838
-1.1,2,38.617427
-1.0,3,38.741552
-0.9,2,38.810502
-1.0,1,38.836996
-0.9,2,38.908475
-0.9,2,38.957832
-1.2,3,39.053499
-1.0,1,39.0828
-0.8,5,39.236208
-1.0,1,39.262331
-0.7,4,39.429699
-1.0,1,39.471884
-1.0,1,39.498947
-1.1,2,39.573451
-1.0,1,39.600245
-1.1,2,39.707198
-1.0,1,39.7337
-1.0,1,39.756789
-1.0,1,39.800707
-1.0,1,39.829923
-1.0,1,39.856102
-1.0,1,39.878932
-1.0,1,39.90228
-1.0,1,39.954073
-1.1,2,40.015329
-0.9,2,40.077996
-1.0,1,40.102952
-1.2,7,40.326925
-1.0,7,40.477063
-1.1,2,40.537749
-1.0,1,40.577723
-1.0,3,40.663993
-1.0,1,40.689157
-1.1,2,40.743965
-1.0,1,40.766675
-1.0,1,40.789964
-1.1,4,40.906984
-1.0,1,40.934798
-1.0,1,40.960409
-1.1,2,41.026434
-1.4,7,41.25863
-0.9,2,41.338202
-1.0,1,41.392497
-0.9,2,41.453278
-0.9,2,41.563473
-1.0,1,41.623194
-1.0,1,41.660642
-1.0,1,41.721855
-1.0,1,41.748778
-1.0,1,41.774358
-1.0,1,41.834665
-1.0,1,41.899425
-1.0,1,41.967497
-0.9,2,42.044864
-0.9,2,42.116902
-1.0,1,42.149416
-1.0,3,42.253214
-1.0,1,42.313455
-1.0,1,42.382553
-1.0,1,42.411041
-1.0,1,42.43607
-1.0,7,42.760796
-1.1,2,42.817515
-1.0,1,42.842638
-1.1,2,42.909307
-1.0,1,42.937707
-1.1,2,43.037204
-1.0,1,43.102546
-1.0,1,43.148772
-1.0,1,43.174181
-1.0,1,43.200548
-1.0,1,43.224532
-1.0,1,43.253805
-0.7,6,43.422368
-1.1,4,43.585772
-1.0,3,43.686696
-1.0,3,43.770864
-1.0,1,43.799731
-1.1,2,43.850412
-0.9,2,43.917006
-0.9,2,44.009003
-1.2,3,44.087023
-1.1,2,44.16907
-1.0,1,44.19246
-1.0,1,44.217767
-1.0,1,44.240002
-1.0,1,44.287878
-1.0,1,44.318221
-1.0,1,44.344842
-1.0,1,44.367889
-1.0,1,44.393154
-1.0,1,44.418484
-0.6,5,44.621203
-1.1,2,44.691724
-1.0,1,44.716503
-0.9,2,44.839769
-1.0,1,44.874821
-1.0,3,45.040202
-0.9,8,45.335408
-1.0,1,45.363067
-1.0,1,45.387602
-1.1,2,45.503852
-1.0,1,45.53291
-1.0,1,45.581165
-1.0,1,45.63852
1.1,2,45.707283
-1.0,1,45.731153
-1.1,6,45.964429
-0.8,3,46.069638
-1.0,1,46.135818
-1.0,1,46.164047
-1.0,1,46.18882
-1.0,3,46.260093
-1.1,2,46.305955
-1.0,1,46.32943
-0.8,3,46.469237
-1.0,1,46.515958
-1.0,1,46.540419
-0.9,2,46.623846
-1.1,2,46.72917
-1.1,2,46.8193
-1.0,1,46.869801
-1.0,1,46.896444
-1.1,2,46.951468
-1.0,1,46.980997
-0.8,3,47.064556
-1.0,1,47.090058
-1.0,1,47.11908
-1.0,1,47.145986
-1.0,1,47.179718
-1.0,3,47.308362
-1.1,2,47.395361
-1.1,2,47.461762
-1.0,1,47.500241
-0.9,2,47.611218
-1.1,2,47.728442
-1.2,3,47.954789
-1.1,2,48.086468
-1.1,2,48.181732
-1.2,3,48.342115
-1.0,1,48.454149
-1.0,1,48.501648
-1.0,1,48.539583
-1.1,2,48.746196
-1.0,1,48.832899
-1.2,3,49.088164
-0.9,2,49.288087
-1.1,2,49.463191
-1.0,1,49.505137
-1.0,1,49.562559
-1.0,1,49.605523
-1.0,1,49.678958
-1.0,1,49.727398
-1.1,2,49.815938
-1.1,4,49.969547
-1.0,1,50.002632
-1.1,4,50.111649
-1.0,1,50.140073
-1.0,1,50.166428
-1.2,3,50.276719
-1.0,1,50.30095
-1.2,3,50.35593
-1.0,1,50.382575
-0.8,5,50.558897
-1.1,2,50.616722
-0.8,3,50.753299
-1.0,1,50.779421
-1.1,2,50.826447
-1.0,1,50.887016
-1.0,1,50.913786
-0.9,2,50.980188
-1.0,1,51.005218
-1.0,1,51.028506
-0.9,4,51.139157
-1.0,1,51.188464
-1.0,1,51.22682
-1.1,2,51.311858
-0.9,2,51.363975
-1.0,1,51.388972
-1.0,3,51.499235
-1.0,1,51.527475
-1.0,1,51.553718
-1.0,1,51.580782
-1.0,1,51.607658
-1.0,1,51.666215
-1.0,1,51.701192
-0.9,4,51.872943
-1.0,1,51.938953
-1.0,1,51.965563
-1.0,1,51.990969
-0.9,2,52.101637
-1.1,2,52.178705
-1.1,2,52.225414
-1.0,1,52.250938
-1.0,1,52.273751
-1.0,1,52.297435
-1.0,1,52.321655
-1.0,9,52.619441
-1.0,3,52.728139
-1.0,1,52.756199
-1.0,1,52.793256
-1.2,3,52.876769
-1.0,1,52.90191
-1.0,1,52.960621
-1.0,1,52.993037
-0.8,3,53.086492
-1.0,3,53.183593
-1.0,1,53.221981
-1.0,1,53.249536
-0.9,2,53.304192
-1.0,1,53.360031
-1.0,1,53.405941
-1.1,2,53.483981
-1.0,1,53.532337
-1.0,1,53.560262
-1.2,3,53.792617
-1.0,1,132.469985
-0.8,3,132.695796
-1.1,2,132.766278
-1.0,1,132.825588
-0.9,2,132.89973
-1.0,1,132.922221
-0.9,4,133.094626
-0.9,2,133.163018
-1.0,1,133.186876
-1.2,7,133.513767
-1.0,1,133.536135
-1.0,1,133.593787
-1.0,1,133.663555
-1.0,1,133.70063
-1.0,1,133.728645
-1.0,1,133.754477
-1.0,1,133.779812
-1.0,1,133.8065
-0.8,5,134.017898
-0.9,2,134.088894
-1.0,1,134.113759
-0.9,2,134.195566
-1.0,3,134.354691
-1.0,1,134.382221
-1.0,1,134.408894
-1.0,3,134.589557
-1.0,1,134.625986
-1.0,1,134.659765
-1.0,3,134.791379
-1.0,1,134.822747
-1.0,1,134.866622
-1.0,1,134.902945
-1.0,1,134.952348
-1.0,1,134.989558
-1.0,1,135.06336
-1.0,1,135.142927
-1.0,1,135.176158
-1.0,1,135.210231
-1.0,1,135.238504
-1.0,7,135.552399
-1.1,2,135.62709
-1.0,3,135.775496
-1.0,1,135.804332
-1.0,3,135.941723
-1.0,1,135.976028
-1.1,2,136.045998
-0.9,4,136.256548
-1.0,1,136.296837
-0.9,2,136.390909
-1.0,1,136.416592
-1.0,3,136.484674
1.0,1,136.517171
-0.9,2,136.628117
-0.9,2,136.72141
-1.0,1,136.753655
-1.0,1,136.81358
-1.0,1,136.841737
-1.0,1,136.86891
-0.9,2,136.941882
-1.0,1,136.97547
-1.0,1,137.003329
-1.0,1,137.02918
-1.0,1,137.053204
-0.9,2,137.117733
-1.0,1,137.179824
-1.0,1,137.213735
-1.0,1,137.239039
-0.9,2,137.308296
-1.0,1,137.336304
-0.9,2,137.401268
-1.0,1,137.427248
-1.0,1,137.453026
1.0,1,137.482523
-1.1,2,137.57539
-0.9,2,137.653682
1.0,1,137.685558
-1.0,1,137.716053
-1.0,3,137.892784
-1.0,1,137.963215
-1.0,1,137.996347
-1.0,1,138.027888
-1.1,2,138.09
-1.0,1,138.115884
-1.0,1,138.141477
-0.9,2,138.211916
-1.0,1,138.242785
-0.8,3,138.344174
-0.8,3,138.437678
-1.1,2,138.507119
-1.1,2,138.577644
-1.0,1,138.601507
-1.1,2,138.657906
-1.1,2,138.712053
-1.0,1,138.735626
-1.0,1,138.763678
-0.7,6,139.021992
-1.1,2,139.143014
-1.0,1,139.179123
-1.0,1,139.206012
-0.9,2,139.300793
-1.0,1,139.346545
-1.0,1,139.372675
-1.0,1,139.406201
-1.1,2,139.480762
-1.0,1,139.506483
-1.0,1,139.534057
-1.0,1,139.565642
-1.0,3,139.680663
-1.0,1,139.706095
-1.2,3,139.801201
-0.9,4,139.990018
-0.9,2,140.070484
-1.0,1,140.096734
-1.0,3,140.18538
-1.0,1,140.240752
-1.0,1,140.26438
-0.9,2,140.36634
-1.1,2,140.434128
-1.0,1,140.466208
-1.0,1,140.492093
-1.0,1,140.516838
-1.0,1,140.544659
-0.9,2,140.603747
-1.0,1,140.633447
-1.0,5,140.763695
-1.0,1,140.801445
-0.7,4,140.901736
-1.0,1,140.927091
-1.0,1,140.956921
-1.0,1,141.012253
-1.1,2,141.09301
-1.1,2,141.158868
-1.3,4,141.345125
-1.0,1,141.369847
-1.0,1,141.398718
-1.1,4,141.559384
-0.9,2,141.605006
-1.2,3,141.741958
-0.8,3,141.878995
-1.0,1,141.912476
-1.0,1,141.978924
-1.0,1,142.015033
-0.9,6,142.344158
-1.0,1,142.371224
-1.0,1,142.398768
-1.0,1,142.425258
-1.0,1,142.449022
-0.9,2,142.50255
-1.1,2,142.55946
-1.0,1,142.608901
-1.0,1,142.636211
-0.9,2,142.700071
-1.0,1,142.724822
-1.1,2,142.816439
-1.0,1,142.844126
-0.9,2,142.926764
-1.0,1,142.958378
-1.0,1,142.983587
-1.0,1,143.032054
-1.0,1,143.059094
-1.0,3,143.149791
-1.0,1,143.172764
-1.3,4,143.274801
-1.0,1,143.29885
-1.0,1,143.325918
-0.9,2,143.409112
-1.0,1,143.443276
-1.0,1,143.472455
-1.0,1,143.500311
-1.0,1,143.529437
-1.0,1,143.597996
-1.0,1,143.638215
-1.0,1,143.67116
-0.9,2,143.758804
-1.0,1,143.785967
-1.1,2,143.880208
-1.2,3,143.964844
-1.0,1,143.989878
-0.9,2,144.062148
-1.0,1,144.112973
-1.0,1,144.140725
-1.0,1,144.166167
-1.1,2,144.217956
-1.0,1,144.278273
-1.0,1,144.319772
-1.0,3,144.441616
-1.0,1,144.465461
-1.0,1,144.500198
-1.0,1,144.562088
-1.0,1,144.590778
-1.0,1,144.637226
-1.0,1,144.663804
-1.0,1,144.690217
-1.0,3,144.804809
-0.9,2,144.878859
-1.0,1,144.907481
-1.0,1,144.937318
-1.0,3,145.0618
-1.0,1,145.120592
-0.9,2,145.208356
-0.9,2,145.276006
-1.0,1,145.303993
-1.0,1,145.330921
-0.9,4,145.500296
-0.9,2,145.572547
-1.0,1,145.640258
-0.9,2,145.721857
